-BEGIN HEADER-,,,,,,,,,,,,,,,,
NASA/POWER Source Native Resolution Monthly and Annual ,,,,,,,,,,,,,,,,
Dates (month/day/year): 01/01/2000 through 12/31/2022 in LST,,,,,,,,,,,,,,,,
Location: Regional ,,,,,,,,,,,,,,,,
Elevation from MERRA-2: Average for 0.5 x 0.625 degree lat/lon region = na meters,,,,,,,,,,,,,,,,
The value for missing source data that cannot be computed or is outside of the sources availability range: -999 ,,,,,,,,,,,,,,,,
Parameter(s): ,,,,,,,,,,,,,,,,
ALLSKY_SFC_SW_DWN     CERES SYN1deg All Sky Surface Shortwave Downward Irradiance (MJ/m^2/day) ,,,,,,,,,,,,,,,,
-END HEADER-,,,,,,,,,,,,,,,,
PARAMETER,YEAR,LAT,LON,JAN,FEB,MAR,APR,MAY,JUN,JUL,AUG,SEP,OCT,NOV,DEC,ANN
ALLSKY_SFC_SW_DWN,2000,-22.5,16.5,29.29,23.59,23.37,21.46,18.58,17.12,17.76,21.96,26.55,25.55,30.82,29.29,23.78
ALLSKY_SFC_SW_DWN,2000,-22.5,17.5,28.66,22.46,22.5,20.93,18.39,16.59,18.04,21.94,26.28,25.56,29.88,28.38,23.3
ALLSKY_SFC_SW_DWN,2000,-22.5,18.5,27.9,22.5,22.49,20.75,18.38,16.5,18.29,21.38,26.26,25.48,30.31,27.53,23.15
ALLSKY_SFC_SW_DWN,2000,-22.5,19.5,26.7,21.88,21.82,20.13,18.43,16.15,17.89,21.45,25.12,26.14,29.17,27.33,22.69
ALLSKY_SFC_SW_DWN,2000,-22.5,20.5,26.57,20.76,21.42,20.01,18.65,16.11,17.1,20.98,23.81,26.08,28.25,27.57,22.29
ALLSKY_SFC_SW_DWN,2000,-22.5,21.5,26.48,20.64,21.05,20.5,18.82,15.89,17.58,21.29,23.71,26.98,28.94,28.53,22.55
ALLSKY_SFC_SW_DWN,2000,-22.5,22.5,25.81,20.93,20.42,20.1,18.33,14.9,16.83,21.26,24.14,26.52,28.21,27.52,22.09
ALLSKY_SFC_SW_DWN,2000,-22.5,23.5,24.4,21.28,20.53,20.33,18.07,14.43,17.21,17.73,23.87,25.64,27.77,27.12,21.53
ALLSKY_SFC_SW_DWN,2000,-22.5,24.5,24.03,21.46,20.58,20.11,18.24,14.37,17.73,17.92,22.7,25.6,26.54,27.03,21.36
ALLSKY_SFC_SW_DWN,2000,-22.5,25.5,23.97,20.85,20.61,19.1,18.14,14.05,17.28,18.3,22.64,24.76,26.72,26.91,21.12
ALLSKY_SFC_SW_DWN,2000,-22.5,26.5,22.93,19.34,19.4,16.73,17.35,13.18,16.23,20.49,21.31,23.13,25.89,25.12,20.1
ALLSKY_SFC_SW_DWN,2000,-23.5,16.5,30.07,25,23.32,21.52,18.5,16.8,16.88,21.49,25.96,26.32,31.41,30.88,24.01
ALLSKY_SFC_SW_DWN,2000,-23.5,17.5,29.36,24.73,23.3,21.36,18.19,16.4,17.1,21.41,25.35,26.15,30.48,30.34,23.68
ALLSKY_SFC_SW_DWN,2000,-23.5,18.5,28.98,24.74,22.52,21.19,18.15,16.19,17.66,21.17,23.74,26.1,30.18,29.87,23.37
ALLSKY_SFC_SW_DWN,2000,-23.5,19.5,28.61,24.1,22.13,21.12,18.37,16,18.48,21.69,24.44,27.28,30.88,29.59,23.56
ALLSKY_SFC_SW_DWN,2000,-23.5,20.5,27.99,22.61,22.15,20.93,18.53,16.35,16.92,20.73,24.1,26.48,29.36,29.03,22.94
ALLSKY_SFC_SW_DWN,2000,-23.5,21.5,27.18,21.64,21.83,20.54,18.44,16.32,17.38,21.12,24.35,27.12,28.93,28.39,22.78
ALLSKY_SFC_SW_DWN,2000,-23.5,22.5,26.2,21.24,21.38,19.67,17.95,15.41,17.18,21.47,24.36,26.97,28.7,28.61,22.44
ALLSKY_SFC_SW_DWN,2000,-23.5,23.5,25.95,21.28,20.92,19.51,17.85,14.87,17.29,19.39,24.46,26.04,27.82,27.15,21.88
ALLSKY_SFC_SW_DWN,2000,-23.5,24.5,24.52,20.65,20.71,18.99,17.78,14.42,17.06,18.3,24.52,25.79,26.49,26.41,21.31
ALLSKY_SFC_SW_DWN,2000,-23.5,25.5,23.92,20.4,20.07,18.07,17.47,13.71,16.87,17.92,24.34,24.72,26.49,26.29,20.86
ALLSKY_SFC_SW_DWN,2000,-23.5,26.5,23.15,20.11,19.19,16.54,17.01,12.68,16.48,19.82,21.94,23.76,25.21,25.2,20.1
ALLSKY_SFC_SW_DWN,2000,-24.5,16.5,30.33,25.56,23.69,21.51,18.37,16.16,17.35,19.79,24.47,25.49,31.85,31.38,23.82
ALLSKY_SFC_SW_DWN,2000,-24.5,17.5,29.62,25.46,23.34,21.31,17.81,15.9,16.97,22.02,25.7,24.42,31.03,30.84,23.69
ALLSKY_SFC_SW_DWN,2000,-24.5,18.5,29.54,25.2,22.6,21.16,17.98,15.74,17.19,20.17,23.49,26.64,30.79,31.19,23.47
ALLSKY_SFC_SW_DWN,2000,-24.5,19.5,28.24,25.66,22.73,21.53,18.53,16.42,16.82,20.9,24.75,27.26,30.77,31.08,23.72
ALLSKY_SFC_SW_DWN,2000,-24.5,20.5,28.01,24.96,23.21,21.94,18.51,16.1,16.45,20.51,24.34,27.29,30.01,29.24,23.38
ALLSKY_SFC_SW_DWN,2000,-24.5,21.5,28.26,23.4,22.56,20.69,18.23,15.82,15.85,20.41,23.67,26.29,29.11,28.69,22.75
ALLSKY_SFC_SW_DWN,2000,-24.5,22.5,26.86,22.87,21.65,19.81,17.55,15.6,16.4,20.8,23.51,26.52,29.18,29.09,22.49
ALLSKY_SFC_SW_DWN,2000,-24.5,23.5,26.01,21.83,21.04,19.06,17.59,15.33,16.88,21.07,24.55,26.35,27.73,28.44,22.16
ALLSKY_SFC_SW_DWN,2000,-24.5,24.5,25.07,21.12,20.18,18.44,17.17,14.23,16.48,18.98,24.78,25.71,26.97,26.9,21.34
ALLSKY_SFC_SW_DWN,2000,-24.5,25.5,23.71,20.37,19.19,16.87,16.83,13.17,16.13,18.88,22.3,23.08,26.33,25.41,20.19
ALLSKY_SFC_SW_DWN,2000,-24.5,26.5,23.05,20.55,19.11,16.16,16.39,12.4,15.92,19.96,19.23,23.21,25.46,25.58,19.76
ALLSKY_SFC_SW_DWN,2001,-22.5,16.5,28.01,26.26,23.61,18.79,18.43,16.14,17.46,20.26,24.05,27.79,29.95,31.83,23.54
ALLSKY_SFC_SW_DWN,2001,-22.5,17.5,27.54,25.31,22.89,17.67,18.14,15.91,17.36,19.84,23.86,27.55,28.51,31.47,23
ALLSKY_SFC_SW_DWN,2001,-22.5,18.5,27.83,24.99,23,17.42,18,15.87,17.55,19.45,23.69,27.29,27.81,31.49,22.87
ALLSKY_SFC_SW_DWN,2001,-22.5,19.5,28.55,24.54,22.36,16.94,17.98,15.55,17.38,19.36,23.53,26.65,27.27,31.02,22.6
ALLSKY_SFC_SW_DWN,2001,-22.5,20.5,29.21,23.89,21.73,16.87,17.78,15.93,17.05,19.24,23.41,26.58,27.28,31.13,22.52
ALLSKY_SFC_SW_DWN,2001,-22.5,21.5,29.27,23.05,21.63,17.18,17.58,15.62,16.7,19.01,23.35,26.07,25.61,30.66,22.16
ALLSKY_SFC_SW_DWN,2001,-22.5,22.5,28.94,22.52,21.85,17.51,16.89,15.08,16.62,18.12,22.94,25.14,24.53,29.86,21.68
ALLSKY_SFC_SW_DWN,2001,-22.5,23.5,29.37,21.51,21.56,17.82,16.43,15.04,16.5,18.05,22.56,25.27,23.68,29.26,21.44
ALLSKY_SFC_SW_DWN,2001,-22.5,24.5,29.24,21.17,21.22,18.35,16.78,15.54,16.78,18.13,22.11,25.22,22.29,28.94,21.33
ALLSKY_SFC_SW_DWN,2001,-22.5,25.5,29.11,20.65,20.96,18.7,16.51,14.35,16.76,18.18,21.38,25.03,21.84,28.15,20.99
ALLSKY_SFC_SW_DWN,2001,-22.5,26.5,28.64,18.1,19.18,18,16.43,14.53,16.28,17.93,20.71,24.03,20.71,25.54,20.04
ALLSKY_SFC_SW_DWN,2001,-23.5,16.5,29.09,27.9,24.08,19.03,18.03,15.85,16.97,20.49,24.63,27.95,30.63,32.16,23.88
ALLSKY_SFC_SW_DWN,2001,-23.5,17.5,28.85,27.84,24.36,18.49,17.85,15.3,17.04,20.13,24.38,27.62,29.8,32.05,23.63
ALLSKY_SFC_SW_DWN,2001,-23.5,18.5,28.6,27.67,24.18,18.35,17.79,15.47,17.22,20.1,23.99,27.73,28.98,32.34,23.52
ALLSKY_SFC_SW_DWN,2001,-23.5,19.5,28.75,27.16,23.84,17.71,17.81,15.68,17.21,20.22,23.98,27.44,28.53,32.02,23.35
ALLSKY_SFC_SW_DWN,2001,-23.5,20.5,29.09,26.07,23.26,17.13,17.47,15.22,16.82,19.7,23.46,26.87,28.26,31.53,22.9
ALLSKY_SFC_SW_DWN,2001,-23.5,21.5,28.93,24.63,22.3,16.91,17.28,15.47,16.64,19.62,23.86,26.44,27.26,30.93,22.52
ALLSKY_SFC_SW_DWN,2001,-23.5,22.5,28.87,24.07,22.26,16.49,16.91,14.71,16.29,18.75,23.49,25.57,26.11,30.21,21.98
ALLSKY_SFC_SW_DWN,2001,-23.5,23.5,29.76,23.53,22.11,16.8,16.32,14.5,16.38,18.25,23,25.33,24.17,29.82,21.67
ALLSKY_SFC_SW_DWN,2001,-23.5,24.5,29.64,21.83,21.5,16.78,15.67,14.26,16.13,18.32,22.46,25.22,22.43,29.42,21.16
ALLSKY_SFC_SW_DWN,2001,-23.5,25.5,29.38,21.14,20.93,16.99,15.8,13.9,16.35,17.92,21.4,24.64,20.69,28.05,20.62
ALLSKY_SFC_SW_DWN,2001,-23.5,26.5,29.05,19.18,20.48,17.29,15.86,14.3,16.03,17.64,20.69,23.72,19.8,26.21,20.05
ALLSKY_SFC_SW_DWN,2001,-24.5,16.5,29.96,28.25,24.01,18.98,17.62,15.66,16.68,20.45,24.62,27.9,30.74,32.55,23.93
ALLSKY_SFC_SW_DWN,2001,-24.5,17.5,29.41,28.26,24.36,18.87,17.3,15.46,16.74,20.39,24.41,27.92,29.89,32.16,23.75
ALLSKY_SFC_SW_DWN,2001,-24.5,18.5,29.79,28.38,24.45,18.83,17.45,15.38,16.76,20.23,24.05,27.97,29.74,32.64,23.79
ALLSKY_SFC_SW_DWN,2001,-24.5,19.5,29.4,28.01,24.35,18.04,17.37,15.08,16.72,20.15,23.53,27.66,28.63,32.28,23.42
ALLSKY_SFC_SW_DWN,2001,-24.5,20.5,29.71,27.67,24.55,18.14,17.36,15.3,16.62,19.71,23.41,27.07,28.14,32.03,23.3
ALLSKY_SFC_SW_DWN,2001,-24.5,21.5,29.48,26.41,23.66,17.72,17.17,15.27,16.5,19.67,23.53,26.67,28.3,31.64,22.99
ALLSKY_SFC_SW_DWN,2001,-24.5,22.5,29.26,24.92,22.58,16.51,16.68,14.62,16.19,18.86,23.31,25.4,27.15,30.56,22.17
ALLSKY_SFC_SW_DWN,2001,-24.5,23.5,29.69,24.07,22.25,16.02,16.29,14.92,16.17,18.02,22.36,25.2,24.5,29.73,21.6
ALLSKY_SFC_SW_DWN,2001,-24.5,24.5,29.53,22.89,21.22,15.74,15.99,14.44,16.04,17.97,22.07,24.66,22.01,29.39,21.01
ALLSKY_SFC_SW_DWN,2001,-24.5,25.5,29.33,21.02,20.83,15.29,15.79,14.35,15.83,17.65,20.94,23.69,20.42,27.54,20.24
ALLSKY_SFC_SW_DWN,2001,-24.5,26.5,28.72,19.83,20.37,15.68,15.46,14.08,15.5,17.48,20.25,22.82,19.66,26.12,19.69
ALLSKY_SFC_SW_DWN,2002,-22.5,16.5,29.23,25.4,22.68,20.24,18.38,17.01,17.89,20.02,25.22,26.77,29.76,30.31,23.57
ALLSKY_SFC_SW_DWN,2002,-22.5,17.5,28.5,24.21,22.69,20.63,18.16,16.86,17.97,19.85,24.87,25.79,28.6,29.56,23.14
ALLSKY_SFC_SW_DWN,2002,-22.5,18.5,28.6,24.36,22.57,20.93,17.99,16.62,17.9,19.74,24.5,25.79,28.49,29.37,23.07
ALLSKY_SFC_SW_DWN,2002,-22.5,19.5,28.42,24.84,22.37,20.65,17.64,16.17,17.74,19.39,24.41,26,27.92,28.21,22.8
ALLSKY_SFC_SW_DWN,2002,-22.5,20.5,28.17,25.35,22.84,21.04,17.51,16.16,17.36,19.17,24.24,26.5,27.31,28.28,22.81
ALLSKY_SFC_SW_DWN,2002,-22.5,21.5,27.98,24.52,22.54,20.55,17.7,16.13,17.17,19,24.03,26.22,27.09,27.39,22.52
ALLSKY_SFC_SW_DWN,2002,-22.5,22.5,27.08,24.37,22.55,20.51,17.44,15.93,16.84,18.42,23.48,25.85,26.91,26.85,22.17
ALLSKY_SFC_SW_DWN,2002,-22.5,23.5,27.18,24.33,22.58,20.79,17.52,16.03,16.83,17.95,23.44,25.91,26.81,26.91,22.18
ALLSKY_SFC_SW_DWN,2002,-22.5,24.5,26.93,24.01,22.28,20.69,17.58,15.91,16.98,17.77,23.61,25.63,27.07,26.68,22.08
ALLSKY_SFC_SW_DWN,2002,-22.5,25.5,27.18,23.93,22.25,20.74,17.73,15.66,17.16,17.77,23.8,25.06,26.73,25.62,21.96
ALLSKY_SFC_SW_DWN,2002,-22.5,26.5,27.24,23.35,22.68,20.14,17.43,14.85,16.84,17.4,22.72,23.94,26.6,24.77,21.49
ALLSKY_SFC_SW_DWN,2002,-23.5,16.5,29.9,25.72,22.69,20.12,17.65,16.36,17.53,19.95,25.15,27.42,30.56,31.31,23.69
ALLSKY_SFC_SW_DWN,2002,-23.5,17.5,29.89,26.22,23.49,20.45,17.49,16.27,17.55,19.66,24.91,26.68,30.22,30.92,23.63
ALLSKY_SFC_SW_DWN,2002,-23.5,18.5,30.04,26.55,23.25,20.67,17.69,16.39,17.68,19.63,24.59,26.47,29.92,30.76,23.62
ALLSKY_SFC_SW_DWN,2002,-23.5,19.5,29.65,26.27,22.89,20.41,17.34,16.23,17.66,19.68,24.71,26.57,29.11,30.12,23.37
ALLSKY_SFC_SW_DWN,2002,-23.5,20.5,29.3,25.75,23.19,20.62,16.61,15.72,17.35,19.06,24.38,26.66,28.18,29.39,23
ALLSKY_SFC_SW_DWN,2002,-23.5,21.5,28.91,25.59,23.12,20.53,17.05,15.97,17.17,18.82,24.1,26.52,27.91,28.31,22.82
ALLSKY_SFC_SW_DWN,2002,-23.5,22.5,28,26.05,22.94,20.08,16.89,15.38,16.82,18.35,23.66,26.15,28.25,28.05,22.53
ALLSKY_SFC_SW_DWN,2002,-23.5,23.5,27.63,24.99,22.67,20.43,16.99,15.83,16.92,17.96,23.42,26.38,28.89,27.6,22.46
ALLSKY_SFC_SW_DWN,2002,-23.5,24.5,27.37,23.85,22.55,20.18,16.55,15.16,16.75,17.5,23.46,26.15,28.52,26.91,22.07
ALLSKY_SFC_SW_DWN,2002,-23.5,25.5,27.04,23.12,22.04,19.96,17.02,14.96,16.76,17.24,23.56,25.21,27.9,26.16,21.74
ALLSKY_SFC_SW_DWN,2002,-23.5,26.5,26.63,22.73,22.4,20.13,17.03,14.8,16.61,17.07,22.82,24.15,27.65,24.58,21.37
ALLSKY_SFC_SW_DWN,2002,-24.5,16.5,31.4,26.43,22.77,20.15,17.37,16.07,17.13,19.56,24.69,27.47,31.47,31.7,23.84
ALLSKY_SFC_SW_DWN,2002,-24.5,17.5,30.8,27.01,23.17,20.29,16.91,15.95,17.16,19.43,24.6,27.32,31.11,31.32,23.74
ALLSKY_SFC_SW_DWN,2002,-24.5,18.5,30.95,27.39,23.47,20.46,17.09,15.81,17.23,19.27,24.69,27.35,31.11,31.18,23.81
ALLSKY_SFC_SW_DWN,2002,-24.5,19.5,30.94,27.52,23.13,19.88,17.03,15.72,17.13,19.45,24.21,26.92,30.38,31.17,23.6
ALLSKY_SFC_SW_DWN,2002,-24.5,20.5,30.71,27.18,23.5,20.05,16.48,15.53,16.9,18.87,24.17,26.59,29.75,30.93,23.37
ALLSKY_SFC_SW_DWN,2002,-24.5,21.5,29.97,26.19,23.29,20.48,16.07,15.56,16.86,18.63,23.81,26.49,29.34,29.92,23.03
ALLSKY_SFC_SW_DWN,2002,-24.5,22.5,29.09,25.93,23.13,20.12,16.12,15.26,16.51,17.87,23.49,25.8,29.51,28.83,22.62
ALLSKY_SFC_SW_DWN,2002,-24.5,23.5,27.94,25.78,22.95,20.03,16.27,14.94,16.48,17.68,23.38,25.97,29.45,27.43,22.33
ALLSKY_SFC_SW_DWN,2002,-24.5,24.5,27.29,24.45,22.24,19.84,16.3,14.73,16.45,17.26,23.11,26.2,29,26.92,21.96
ALLSKY_SFC_SW_DWN,2002,-24.5,25.5,26.87,22.35,22.04,19.47,16.3,14.48,16.44,16.75,22.38,25.08,28.39,25.98,21.37
ALLSKY_SFC_SW_DWN,2002,-24.5,26.5,26.24,22.11,22.07,19.6,16.57,14.27,16.16,16.52,22,24.3,28.21,24.56,21.04
ALLSKY_SFC_SW_DWN,2003,-22.5,16.5,28.37,25.72,24.8,19.61,18.77,17.14,18.01,21.24,23.45,26.8,28.37,29.78,23.5
ALLSKY_SFC_SW_DWN,2003,-22.5,17.5,27.3,25.01,24.76,19.14,18.66,16.94,18.05,21.19,23.37,26.47,27.62,29.09,23.13
ALLSKY_SFC_SW_DWN,2003,-22.5,18.5,28.21,24.85,25.03,19.12,18.28,16.61,18.09,21.16,23.2,25.99,27.51,28.68,23.06
ALLSKY_SFC_SW_DWN,2003,-22.5,19.5,28.43,24.23,24.71,19.32,18.23,16.38,17.89,20.96,23.39,25.42,26.99,29.24,22.94
ALLSKY_SFC_SW_DWN,2003,-22.5,20.5,29.08,24.56,24.75,19.82,17.77,15.79,17.74,21.05,23.65,25.28,26.6,29.48,22.97
ALLSKY_SFC_SW_DWN,2003,-22.5,21.5,28.6,23.61,24.54,19.81,17.56,15.23,17.36,20.87,23.88,25.04,26.7,29.29,22.71
ALLSKY_SFC_SW_DWN,2003,-22.5,22.5,28.3,23.44,24.69,19.96,17.43,14.59,16.9,20.35,23.33,24.37,26.26,28.88,22.38
ALLSKY_SFC_SW_DWN,2003,-22.5,23.5,28.26,24.1,24.68,20.42,17.44,14.48,17.06,20.35,23.75,24.17,26.03,29.01,22.48
ALLSKY_SFC_SW_DWN,2003,-22.5,24.5,28.29,23.56,24.27,20.42,17.35,13.96,16.61,19.9,23.91,24.42,25.79,28.21,22.23
ALLSKY_SFC_SW_DWN,2003,-22.5,25.5,28.01,23.84,24.78,20.78,17.86,13.78,17.09,20.26,24.01,24.81,26.18,27.38,22.4
ALLSKY_SFC_SW_DWN,2003,-22.5,26.5,27.08,24.19,24.87,20.91,17.67,13.1,16.78,20.25,22.87,23.75,25.25,26.15,21.9
ALLSKY_SFC_SW_DWN,2003,-23.5,16.5,30.13,26.16,24.86,19.14,18.25,16.73,17.41,20.94,23.99,27.49,29.47,30.92,23.79
ALLSKY_SFC_SW_DWN,2003,-23.5,17.5,29.85,26.5,25.53,19.34,18.21,16.73,17.51,20.97,23.22,27.19,29.44,30.74,23.76
ALLSKY_SFC_SW_DWN,2003,-23.5,18.5,29.72,26.45,25.39,19.35,18.14,16.66,17.65,20.95,22.83,26.9,28.75,30.68,23.62
ALLSKY_SFC_SW_DWN,2003,-23.5,19.5,29.49,25.72,25.23,19.78,17.79,16.04,17.57,20.94,23.12,26.59,28.39,30.75,23.45
ALLSKY_SFC_SW_DWN,2003,-23.5,20.5,29.64,24.7,24.73,19.66,17.11,15.06,17.15,20.63,23.19,25.14,27.27,30.31,22.88
ALLSKY_SFC_SW_DWN,2003,-23.5,21.5,29.24,24.2,24.54,19.53,17.17,14.91,16.96,20.47,23.59,24.89,27.1,30.03,22.72
ALLSKY_SFC_SW_DWN,2003,-23.5,22.5,28.38,23.91,24.99,19.67,17.3,14.83,16.79,20.29,23.75,24.52,27.23,29.51,22.6
ALLSKY_SFC_SW_DWN,2003,-23.5,23.5,28.64,24.01,25.18,20.36,17.36,14.64,16.81,20.13,24.07,24.3,27.08,29.69,22.69
ALLSKY_SFC_SW_DWN,2003,-23.5,24.5,28.33,24.13,24.91,20.31,17.49,14.28,16.78,20.23,23.93,24.48,26.16,29.03,22.51
ALLSKY_SFC_SW_DWN,2003,-23.5,25.5,27.88,23.65,24.44,19.97,17.46,13.9,16.8,20.11,23.68,24.16,25.17,27.81,22.09
ALLSKY_SFC_SW_DWN,2003,-23.5,26.5,27.68,23.81,24.64,20.34,17.53,13.77,16.85,20.11,22.71,23.56,24.26,27.08,21.86
ALLSKY_SFC_SW_DWN,2003,-24.5,16.5,30.3,26.13,24.83,18.78,18.06,16.35,16.97,20.46,23.82,27.38,30.39,31.28,23.72
ALLSKY_SFC_SW_DWN,2003,-24.5,17.5,30.39,26.33,25.55,18.92,17.94,16.39,17.01,20.5,23.34,27.23,30.12,31.05,23.73
ALLSKY_SFC_SW_DWN,2003,-24.5,18.5,30.83,26.2,25.77,19.25,17.97,16.3,17.13,20.52,22.76,27.04,30.16,31.5,23.79
ALLSKY_SFC_SW_DWN,2003,-24.5,19.5,30.76,26.09,25.68,19.77,17.68,16.04,17.11,20.48,22.53,26.95,29.48,31.43,23.66
ALLSKY_SFC_SW_DWN,2003,-24.5,20.5,30.52,26.14,25.33,19.55,17.03,15.37,16.86,20.35,22.65,26.02,28.08,31.07,23.24
ALLSKY_SFC_SW_DWN,2003,-24.5,21.5,30.14,24.49,25.2,19.02,16.83,14.98,16.75,20.27,22.6,25.16,27.48,31.01,22.83
ALLSKY_SFC_SW_DWN,2003,-24.5,22.5,29.07,23.96,25.02,18.93,17.24,14.87,16.65,20.09,22.97,24.57,27.41,30.66,22.63
ALLSKY_SFC_SW_DWN,2003,-24.5,23.5,28.73,23.93,25.01,19.83,17.2,14.83,16.72,19.9,23.65,24.69,27.18,30.36,22.67
ALLSKY_SFC_SW_DWN,2003,-24.5,24.5,28.35,24.01,24.61,19.63,17,14.22,16.65,19.87,23.54,24.64,26.42,29.06,22.33
ALLSKY_SFC_SW_DWN,2003,-24.5,25.5,27.73,23.75,24.56,19.79,16.99,13.91,16.69,19.74,23.02,24.17,24.49,27.86,21.89
ALLSKY_SFC_SW_DWN,2003,-24.5,26.5,27.65,23.21,24.12,19.92,16.89,13.48,16.45,19.61,22.46,23.96,24.04,27.44,21.61
ALLSKY_SFC_SW_DWN,2004,-22.5,16.5,27.36,26.35,24.13,21.25,18.51,16.78,17.64,20.69,24.92,25.98,24.68,30.73,23.25
ALLSKY_SFC_SW_DWN,2004,-22.5,17.5,26.68,26.76,23.39,20.66,18.43,16.73,17.5,20.67,24.59,25.85,24.13,29.27,22.88
ALLSKY_SFC_SW_DWN,2004,-22.5,18.5,26.33,25.84,23.61,20.06,18.03,16.54,17.28,20.45,23.9,25.19,24.17,28.8,22.51
ALLSKY_SFC_SW_DWN,2004,-22.5,19.5,26.17,24.9,23.29,19.41,17.91,16.55,17.12,20.39,23.68,24.98,25.57,27.81,22.31
ALLSKY_SFC_SW_DWN,2004,-22.5,20.5,26.44,24.5,22.34,19.17,17.84,16.39,16.9,19.94,23.74,24.29,25.92,26.9,22.03
ALLSKY_SFC_SW_DWN,2004,-22.5,21.5,26.08,23.92,21,19.13,18.06,16.22,16.88,19.69,24.12,24.59,25.81,26.26,21.81
ALLSKY_SFC_SW_DWN,2004,-22.5,22.5,25.69,23.41,20.32,19.32,17.6,15.91,16.85,19.5,24.41,26.17,26.22,25.32,21.72
ALLSKY_SFC_SW_DWN,2004,-22.5,23.5,25.35,22.77,19.86,19.77,17.62,15.68,16.97,19.88,24.03,26.53,26.48,25.18,21.67
ALLSKY_SFC_SW_DWN,2004,-22.5,24.5,25.51,22.52,19.13,19.84,17.69,15.49,17.16,20.08,24.15,26.74,26.62,25.61,21.71
ALLSKY_SFC_SW_DWN,2004,-22.5,25.5,25.28,22.16,18.29,19.7,17.52,15.28,17.2,20.02,24.07,26.49,26.87,25.65,21.54
ALLSKY_SFC_SW_DWN,2004,-22.5,26.5,24.79,21.92,16.7,18.24,17.71,14.83,16.8,18.87,23.64,25.81,27.24,24.88,20.95
ALLSKY_SFC_SW_DWN,2004,-23.5,16.5,28.19,27.28,24.73,21.35,17.93,16.22,17.22,20.86,24.81,26.38,25.21,31.82,23.5
ALLSKY_SFC_SW_DWN,2004,-23.5,17.5,28.23,27.71,24.83,21.22,17.73,16.23,17.06,20.75,24.46,25.86,25.45,30.85,23.36
ALLSKY_SFC_SW_DWN,2004,-23.5,18.5,27.31,27.19,24.74,20.83,17.69,16.19,16.94,20.46,23.8,25.74,25.93,30.36,23.09
ALLSKY_SFC_SW_DWN,2004,-23.5,19.5,26.96,26.21,24.28,20.28,17.75,16.28,16.98,20.53,24.1,25.56,26.37,29.51,22.89
ALLSKY_SFC_SW_DWN,2004,-23.5,20.5,27,25.84,23.61,19.78,17.5,16.07,16.58,19.97,23.77,24.63,26.05,28.2,22.41
ALLSKY_SFC_SW_DWN,2004,-23.5,21.5,25.89,24.77,22.29,19.26,17.72,16.01,16.69,19.85,24.06,24.63,25.77,27.55,22.03
ALLSKY_SFC_SW_DWN,2004,-23.5,22.5,25.32,24.47,20.81,18.87,17.42,15.52,16.52,19.46,24.06,25.43,26.66,26.94,21.78
ALLSKY_SFC_SW_DWN,2004,-23.5,23.5,25.71,23.88,20.57,19.15,17.36,15.48,16.8,19.87,24.08,26.17,27,26.3,21.86
ALLSKY_SFC_SW_DWN,2004,-23.5,24.5,25.36,23.05,19.92,19.31,17.41,15.17,16.93,19.7,24.09,26.61,26.64,26.68,21.73
ALLSKY_SFC_SW_DWN,2004,-23.5,25.5,24.87,22.35,18.91,18.86,17.54,14.89,16.81,19.29,23.9,26.03,25.84,26.56,21.32
ALLSKY_SFC_SW_DWN,2004,-23.5,26.5,24.45,22.63,17.43,18.02,17.41,14.63,16.64,18.52,23.41,25.65,26.17,25.63,20.88
ALLSKY_SFC_SW_DWN,2004,-24.5,16.5,28.9,27.1,25.18,21.36,17.43,15.56,16.93,20.74,24.54,26.72,26.28,32.74,23.62
ALLSKY_SFC_SW_DWN,2004,-24.5,17.5,29.05,27.34,25.18,21.04,17.23,15.6,16.62,20.39,24.16,26.01,26.2,31.56,23.36
ALLSKY_SFC_SW_DWN,2004,-24.5,18.5,29.26,27.45,24.94,20.99,17.31,15.69,16.55,20.24,23.57,25.95,27.31,31.61,23.4
ALLSKY_SFC_SW_DWN,2004,-24.5,19.5,28.57,27.18,24.8,20.93,17.36,15.71,16.45,20.12,23.52,25.81,27.07,30.93,23.2
ALLSKY_SFC_SW_DWN,2004,-24.5,20.5,28.44,26.81,24.54,20.32,17.17,15.71,16.51,19.76,23.47,25.24,26.84,29.93,22.89
ALLSKY_SFC_SW_DWN,2004,-24.5,21.5,26.84,25.87,23.72,19.85,17.22,15.61,16.36,19.56,23.57,24.76,26.9,29.45,22.47
ALLSKY_SFC_SW_DWN,2004,-24.5,22.5,26.28,25.42,21.97,19.44,16.93,15.34,16.32,19.32,23.39,24.61,26.4,28.66,22
ALLSKY_SFC_SW_DWN,2004,-24.5,23.5,26.56,24.78,21.26,19.35,16.8,15.21,16.51,19.46,23.7,24.97,26.1,27.55,21.85
ALLSKY_SFC_SW_DWN,2004,-24.5,24.5,25.67,23.43,20.75,19.02,16.86,14.92,16.49,19.18,23.52,25.64,26.05,27.18,21.56
ALLSKY_SFC_SW_DWN,2004,-24.5,25.5,24.31,23,18.71,17.6,16.8,14.52,16.44,18.32,23.51,25.67,25.67,26.41,20.91
ALLSKY_SFC_SW_DWN,2004,-24.5,26.5,23.35,22.74,17.78,17.32,16.78,14.23,16.25,18.04,22.98,25.25,26.15,25.84,20.55
ALLSKY_SFC_SW_DWN,2005,-22.5,16.5,25.87,26.43,23.45,20.72,17.84,16.61,17.77,19.43,24.7,24.28,30.2,29.46,23.04
ALLSKY_SFC_SW_DWN,2005,-22.5,17.5,24.45,24.97,22.12,20.28,17.89,16.44,17.82,19.3,24.35,23.35,29.2,29.19,22.42
ALLSKY_SFC_SW_DWN,2005,-22.5,18.5,25.32,25.49,21.8,20.01,17.66,16.26,17.51,18.91,23.86,23.57,28.34,29.44,22.32
ALLSKY_SFC_SW_DWN,2005,-22.5,19.5,25.64,25.59,21.84,19.53,17.7,16.19,17.53,18.99,23.49,23.97,27.49,29.36,22.26
ALLSKY_SFC_SW_DWN,2005,-22.5,20.5,26.45,25.13,21.59,19,17.68,15.91,17.38,18.4,23.32,24.81,26.36,28.78,22.05
ALLSKY_SFC_SW_DWN,2005,-22.5,21.5,25.87,24.87,21.61,18.49,17.94,15.86,17.27,18.53,23.57,24.75,25.68,27.7,21.83
ALLSKY_SFC_SW_DWN,2005,-22.5,22.5,25.43,25.54,21.79,18.02,17.62,15.64,17.18,18.17,23.7,25.3,25.6,26.11,21.65
ALLSKY_SFC_SW_DWN,2005,-22.5,23.5,25.48,25.13,22.16,18.02,17.76,15.75,17.3,18.11,23.19,25.89,25.94,25.72,21.69
ALLSKY_SFC_SW_DWN,2005,-22.5,24.5,25.45,25.35,21.99,18.44,17.91,15.9,17.4,18.18,23.52,26.72,25.58,25.77,21.83
ALLSKY_SFC_SW_DWN,2005,-22.5,25.5,25.3,25.59,21.87,18.35,17.82,16.02,17.3,18.68,24.03,27.17,25.28,25.22,21.87
ALLSKY_SFC_SW_DWN,2005,-22.5,26.5,25.37,25.05,20.71,17.78,17.56,15.6,16.77,18.32,23.57,26.57,24.71,22.79,21.21
ALLSKY_SFC_SW_DWN,2005,-23.5,16.5,26.64,26.27,23.92,20.97,17.13,16.23,17.54,19.93,24.83,25.85,30.83,30.54,23.37
ALLSKY_SFC_SW_DWN,2005,-23.5,17.5,26.2,26.13,23.1,20.54,17.11,15.95,17.14,19.56,24.38,25.19,29.73,30.74,22.96
ALLSKY_SFC_SW_DWN,2005,-23.5,18.5,26.43,26.12,22.66,20.5,17.44,15.89,17.13,19.41,24.13,25.14,29.1,30.33,22.84
ALLSKY_SFC_SW_DWN,2005,-23.5,19.5,26.83,26.05,22.65,20.32,17.63,15.89,17.42,19.46,24.35,24.83,28.68,30.22,22.84
ALLSKY_SFC_SW_DWN,2005,-23.5,20.5,27.29,24.94,22.31,19.48,17.45,15.57,17.02,18.84,23.63,24.93,27.89,29.88,22.42
ALLSKY_SFC_SW_DWN,2005,-23.5,21.5,26.73,24.9,22,19.26,17.67,15.68,17.04,18.66,23.64,25.35,27.29,28.89,22.25
ALLSKY_SFC_SW_DWN,2005,-23.5,22.5,26.34,25.09,21.58,18.3,17.33,15.39,16.83,18.25,23.27,24.75,26.24,27.9,21.76
ALLSKY_SFC_SW_DWN,2005,-23.5,23.5,25.33,24.61,21.35,17.4,17.34,15.44,16.93,18.23,23.26,24.99,26.31,27.23,21.52
ALLSKY_SFC_SW_DWN,2005,-23.5,24.5,25.64,24.97,21.81,17.54,17.41,15.48,16.96,18.35,23.26,25.45,26.22,26.67,21.63
ALLSKY_SFC_SW_DWN,2005,-23.5,25.5,24.96,25.06,22.09,17.85,17.58,15.44,16.84,18.28,23.15,25.65,25.21,26.4,21.52
ALLSKY_SFC_SW_DWN,2005,-23.5,26.5,24.74,24.83,21.58,17.26,17.21,15.22,16.57,18.09,23.11,25.53,24.8,24.74,21.12
ALLSKY_SFC_SW_DWN,2005,-24.5,16.5,28.05,26.66,23.94,20.98,16.64,15.87,17.16,19.74,24.64,27.04,30.9,31.17,23.55
ALLSKY_SFC_SW_DWN,2005,-24.5,17.5,27.61,27.01,23.76,20.49,16.42,15.49,16.73,19.25,24.33,26.03,30.07,30.93,23.15
ALLSKY_SFC_SW_DWN,2005,-24.5,18.5,27.6,27.01,23.67,20.4,16.63,15.5,16.72,19.02,23.96,25.74,29.45,31.39,23.07
ALLSKY_SFC_SW_DWN,2005,-24.5,19.5,26.94,26.43,23.21,19.82,17.12,15.35,16.65,18.96,23.94,24.89,28.97,30.68,22.72
ALLSKY_SFC_SW_DWN,2005,-24.5,20.5,27.56,25.49,23.09,19.8,17.3,15.45,16.84,18.72,24.01,25.04,28.69,30.8,22.72
ALLSKY_SFC_SW_DWN,2005,-24.5,21.5,27.78,24.86,22.68,19.78,17.39,15.46,16.71,18.43,23.89,25.33,28.1,30.06,22.53
ALLSKY_SFC_SW_DWN,2005,-24.5,22.5,26.85,24.39,21.72,18.7,17.1,15.28,16.61,18.06,23.03,25.23,27.16,29.1,21.93
ALLSKY_SFC_SW_DWN,2005,-24.5,23.5,26.19,24.03,21.09,17.24,17.02,15.1,16.44,17.77,22.82,25.29,27.09,28.74,21.56
ALLSKY_SFC_SW_DWN,2005,-24.5,24.5,26.11,24.3,21.45,16.68,17.18,15.06,16.54,17.65,22.68,25.08,26.2,27.95,21.4
ALLSKY_SFC_SW_DWN,2005,-24.5,25.5,25.19,24.17,21.52,16.3,16.96,14.76,16.34,17.43,22.6,24.77,25.1,27.11,21.01
ALLSKY_SFC_SW_DWN,2005,-24.5,26.5,25.05,25.19,21.89,15.98,16.72,14.56,16.14,17.07,22.52,24.59,24.37,25.76,20.8
ALLSKY_SFC_SW_DWN,2006,-22.5,16.5,23.96,24.12,22.78,18.61,18.59,17.04,17.7,21.02,23.6,24.67,27.21,29.1,22.36
ALLSKY_SFC_SW_DWN,2006,-22.5,17.5,23.03,22.71,21.04,17.56,18.25,16.79,17.64,20.96,23.43,23.99,26.46,27.22,21.59
ALLSKY_SFC_SW_DWN,2006,-22.5,18.5,22.99,22.83,20.13,17.82,17.97,16.92,17.5,21.42,23.8,23.87,26.49,27.08,21.56
ALLSKY_SFC_SW_DWN,2006,-22.5,19.5,22.84,22.68,18.66,18.3,17.79,16.74,17.28,21.13,23.75,23.2,26.41,26.72,21.28
ALLSKY_SFC_SW_DWN,2006,-22.5,20.5,23.36,22.6,18.99,19.3,17.92,16.75,17.22,20.98,24.12,22.72,26.14,26.67,21.39
ALLSKY_SFC_SW_DWN,2006,-22.5,21.5,22.77,21.26,19.29,20.13,17.93,16.55,17.18,20.52,24.34,21.94,25.69,25.81,21.11
ALLSKY_SFC_SW_DWN,2006,-22.5,22.5,22.69,20.89,19.34,20.16,17.25,16.52,17.13,20.22,24.42,21.61,25.3,25.7,20.93
ALLSKY_SFC_SW_DWN,2006,-22.5,23.5,24.12,21.91,19.84,20.12,17.07,16.49,17.3,20.14,23.97,22.06,25.48,25.86,21.19
ALLSKY_SFC_SW_DWN,2006,-22.5,24.5,23.83,21.11,20.07,20.15,17.49,16.24,17.18,20.1,23.67,22.49,24.84,26.18,21.11
ALLSKY_SFC_SW_DWN,2006,-22.5,25.5,24.17,21.64,19.87,19.89,17.5,15.97,17.06,19.81,23.51,23.16,24.31,26.19,21.09
ALLSKY_SFC_SW_DWN,2006,-22.5,26.5,22.84,22.12,19.15,19.25,17.37,15.72,16.56,19.34,23.28,23.23,23.46,25,20.6
ALLSKY_SFC_SW_DWN,2006,-23.5,16.5,25.46,24.26,23.67,18.34,18.29,16.46,17.37,21,23.74,25.6,28.29,30.46,22.74
ALLSKY_SFC_SW_DWN,2006,-23.5,17.5,25.82,24.66,22.8,18.66,17.87,16.13,17.04,20.98,23.52,25.2,27.68,29.22,22.46
ALLSKY_SFC_SW_DWN,2006,-23.5,18.5,26.29,24.38,22.2,18.3,17.43,16.42,17.01,21.03,24.11,25.1,27.5,29.08,22.4
ALLSKY_SFC_SW_DWN,2006,-23.5,19.5,25.76,24.64,21.17,18.56,17.7,16.59,17.11,21.05,24.59,24.91,27.49,28.61,22.34
ALLSKY_SFC_SW_DWN,2006,-23.5,20.5,24.9,22.44,19.58,18.24,17.85,16.62,16.96,20.71,24.5,24.34,27,27.86,21.75
ALLSKY_SFC_SW_DWN,2006,-23.5,21.5,24.47,21.72,19.34,18.83,17.74,16.56,17.06,20.46,24.48,23.61,26.24,26.91,21.45
ALLSKY_SFC_SW_DWN,2006,-23.5,22.5,23.81,22.43,19.46,19.13,17.03,16.12,16.72,20.18,24.3,22.4,26.02,26.05,21.13
ALLSKY_SFC_SW_DWN,2006,-23.5,23.5,23.92,22.45,19.44,19.34,16.73,15.99,16.77,20.22,24.04,22.11,25.42,25.96,21.02
ALLSKY_SFC_SW_DWN,2006,-23.5,24.5,23.3,21.97,19.32,19.49,16.83,15.81,16.7,19.84,23.9,22.95,25.5,26.09,20.96
ALLSKY_SFC_SW_DWN,2006,-23.5,25.5,22.72,21.13,19.56,19.63,16.9,15.67,16.61,19.46,23.66,23.22,24.1,25.59,20.68
ALLSKY_SFC_SW_DWN,2006,-23.5,26.5,22.6,21.67,18.8,18.9,16.47,15.62,16.12,19.31,23.41,23.47,23.48,25.84,20.47
ALLSKY_SFC_SW_DWN,2006,-24.5,16.5,25.91,24.71,24.3,18.43,17.86,16.19,17.03,20.78,23.89,26.29,29.22,30.97,22.96
ALLSKY_SFC_SW_DWN,2006,-24.5,17.5,26.54,24.78,23.96,18.79,17.29,15.66,16.54,20.34,23.76,25.84,28.66,30.41,22.71
ALLSKY_SFC_SW_DWN,2006,-24.5,18.5,27.5,24.85,23.16,18.76,17.05,15.85,16.49,20.38,23.65,25.59,28.27,30.62,22.67
ALLSKY_SFC_SW_DWN,2006,-24.5,19.5,27,24.2,21.67,18.47,17.22,16.04,16.5,20.34,24,25.32,28.06,30,22.4
ALLSKY_SFC_SW_DWN,2006,-24.5,20.5,27.05,23.59,21.57,18.51,17.34,16.12,16.44,20.12,24.28,25,27.89,29.39,22.27
ALLSKY_SFC_SW_DWN,2006,-24.5,21.5,26.06,23.85,20.35,18.43,17.46,16.11,16.51,20.03,24.29,24.45,27.48,28.39,21.94
ALLSKY_SFC_SW_DWN,2006,-24.5,22.5,24.54,23.73,20.04,18.33,17,16.01,16.35,20,24.08,23.93,26.5,27.25,21.46
ALLSKY_SFC_SW_DWN,2006,-24.5,23.5,24.46,23.43,20.14,18.21,16.64,15.6,16.13,19.46,23.59,23.96,26.18,26.64,21.19
ALLSKY_SFC_SW_DWN,2006,-24.5,24.5,24.22,22.46,19.99,18.54,16.41,15.26,16.2,19.11,23.45,23.66,25.83,26.24,20.94
ALLSKY_SFC_SW_DWN,2006,-24.5,25.5,22.38,21.24,19,18.35,16.02,15.03,16,18.74,23.33,23.46,24.42,25.55,20.29
ALLSKY_SFC_SW_DWN,2006,-24.5,26.5,22.26,21.21,19.04,17.97,15.8,15.15,15.78,18.72,23.2,23.22,23.53,25.85,20.14
ALLSKY_SFC_SW_DWN,2007,-22.5,16.5,29.01,27.75,22.31,19.77,18.75,17.28,17.93,20.87,24.49,27.38,29.85,30.31,23.79
ALLSKY_SFC_SW_DWN,2007,-22.5,17.5,28.3,27.34,21.48,19.01,18.72,17.18,18.06,20.99,24.37,26.62,28.73,29.81,23.36
ALLSKY_SFC_SW_DWN,2007,-22.5,18.5,28.51,26.67,21.38,18.57,18.34,16.95,17.86,21.06,24.21,26.03,28.74,29.34,23.12
ALLSKY_SFC_SW_DWN,2007,-22.5,19.5,28.71,27.25,21.94,18.84,18.3,16.82,17.73,20.89,23.96,25.76,28.23,28.3,23.04
ALLSKY_SFC_SW_DWN,2007,-22.5,20.5,28.73,27.35,22.7,19.06,18.52,16.5,17.44,20.64,23.57,25.77,28.47,27.75,23.02
ALLSKY_SFC_SW_DWN,2007,-22.5,21.5,28.47,27.12,22.44,19.23,18.7,16.21,17.32,20.5,23.78,25.58,28.02,26.49,22.8
ALLSKY_SFC_SW_DWN,2007,-22.5,22.5,27.61,26.79,21.98,18.95,18.5,15.97,17.13,20.3,23.88,24.69,27.28,25.7,22.37
ALLSKY_SFC_SW_DWN,2007,-22.5,23.5,27.39,27.05,22.67,19.06,18.56,16.01,17.21,20.52,23.3,23.84,26.82,25.6,22.31
ALLSKY_SFC_SW_DWN,2007,-22.5,24.5,27.9,26.97,22.86,19.71,18.6,16.12,17.08,20.53,22.93,23.84,26.28,24.48,22.25
ALLSKY_SFC_SW_DWN,2007,-22.5,25.5,27.28,26.67,22.39,19.63,18.56,16.15,17.15,20.6,22.51,23.58,25.99,23.41,21.97
ALLSKY_SFC_SW_DWN,2007,-22.5,26.5,26.7,26.41,21.87,19.17,18.73,15.69,16.82,20.11,21.62,22.72,25.3,21.35,21.34
ALLSKY_SFC_SW_DWN,2007,-23.5,16.5,29.81,27.89,23.16,19.93,18.63,16.94,17.58,20.85,24.46,27.73,30.21,31.3,24.02
ALLSKY_SFC_SW_DWN,2007,-23.5,17.5,29.22,27.81,22.61,19.72,18.26,16.69,17.46,20.81,24.12,26.48,29.45,30.73,23.59
ALLSKY_SFC_SW_DWN,2007,-23.5,18.5,29.63,27.98,22.56,19.45,18.13,16.45,17.32,20.84,24.06,26.32,29.34,30.63,23.54
ALLSKY_SFC_SW_DWN,2007,-23.5,19.5,29.39,27.61,22.67,19.55,18.34,16.61,17.59,20.96,24.44,26.2,29,29.82,23.49
ALLSKY_SFC_SW_DWN,2007,-23.5,20.5,29.38,27.97,22.61,19.27,18.3,16.32,17.28,20.63,23.92,26.19,28.49,29.04,23.26
ALLSKY_SFC_SW_DWN,2007,-23.5,21.5,28.81,28.23,22.71,18.97,18.42,16.24,17.32,20.54,24.09,26.1,28.37,27.6,23.09
ALLSKY_SFC_SW_DWN,2007,-23.5,22.5,28.63,27.95,22.66,19.06,18.21,15.83,16.96,20.34,23.66,25.04,27.84,26.65,22.71
ALLSKY_SFC_SW_DWN,2007,-23.5,23.5,28.32,27.51,22.78,19.39,18.01,15.5,16.72,20.13,23.07,24.55,28.09,26.08,22.48
ALLSKY_SFC_SW_DWN,2007,-23.5,24.5,28.82,27.12,22.67,19.15,18.04,15.68,16.92,20.43,22.8,24.26,27.11,25.28,22.33
ALLSKY_SFC_SW_DWN,2007,-23.5,25.5,28.41,26.85,22.5,19.31,18.48,15.72,16.91,20.24,22.05,23.51,25.82,23.99,21.96
ALLSKY_SFC_SW_DWN,2007,-23.5,26.5,27.56,26.62,22.5,19.11,18.25,15.53,16.89,20.01,21.06,22.18,24.97,22.39,21.39
ALLSKY_SFC_SW_DWN,2007,-24.5,16.5,30.25,28.19,23.67,20.54,18.18,16.45,17.12,20.63,24.15,27.93,30.4,31.43,24.06
ALLSKY_SFC_SW_DWN,2007,-24.5,17.5,30.23,28.68,23.57,19.96,18.03,16.22,16.87,20.44,24.03,27.05,29.52,31.14,23.79
ALLSKY_SFC_SW_DWN,2007,-24.5,18.5,30.63,29.1,23.39,19.81,17.97,16.12,16.86,20.49,23.98,26.92,29.57,31.27,23.82
ALLSKY_SFC_SW_DWN,2007,-24.5,19.5,29.69,28.8,23.01,19.71,18.27,15.99,16.85,20.45,23.98,26.6,29.17,30.52,23.56
ALLSKY_SFC_SW_DWN,2007,-24.5,20.5,29.67,28.73,23.2,19.67,18.12,15.96,16.95,20.28,24.08,26.18,29.13,29.64,23.44
ALLSKY_SFC_SW_DWN,2007,-24.5,21.5,29.36,28.44,22.96,19.07,18.16,15.8,16.93,20.25,24.11,25.84,28.67,29,23.19
ALLSKY_SFC_SW_DWN,2007,-24.5,22.5,28.97,28.38,22.71,18.93,17.85,15.52,16.76,20.11,23.41,25.14,27.73,27.38,22.71
ALLSKY_SFC_SW_DWN,2007,-24.5,23.5,28.63,27.85,22.67,19.09,17.7,15.22,16.56,19.91,22.72,24.81,28.19,26.94,22.49
ALLSKY_SFC_SW_DWN,2007,-24.5,24.5,28.64,27.08,22.76,18.95,17.67,15.12,16.46,19.96,22.44,24.59,27.25,25.75,22.2
ALLSKY_SFC_SW_DWN,2007,-24.5,25.5,28.49,26.58,21.75,18.79,17.75,15.03,16.43,19.73,21.76,22.54,25.3,24.22,21.5
ALLSKY_SFC_SW_DWN,2007,-24.5,26.5,27.97,26.12,22.11,18.72,17.71,15.08,16.38,19.33,20.79,21.13,24.07,23.6,21.06
ALLSKY_SFC_SW_DWN,2008,-22.5,16.5,27.92,24.21,22.45,21.75,18.45,17.02,18.15,20.64,25.05,25.55,27.74,26.62,22.96
ALLSKY_SFC_SW_DWN,2008,-22.5,17.5,26.85,22.96,21.32,21.02,18.15,17.11,18.14,20.7,25.22,25.42,27.12,27.11,22.59
ALLSKY_SFC_SW_DWN,2008,-22.5,18.5,26.52,23.98,20.89,20.84,17.7,17,17.8,20.68,25.39,25.49,26.67,26.68,22.46
ALLSKY_SFC_SW_DWN,2008,-22.5,19.5,24.95,23.96,20.17,20.62,17.81,16.78,17.65,20.7,25.38,26.02,25.86,27.18,22.25
ALLSKY_SFC_SW_DWN,2008,-22.5,20.5,24.44,24.71,20.79,20.99,17.97,16.47,17.41,20.15,25,26.02,26.35,27.45,22.3
ALLSKY_SFC_SW_DWN,2008,-22.5,21.5,23.91,25.28,20.22,21.33,17.9,16.39,17.43,20.06,24.91,25.43,25.18,27.65,22.13
ALLSKY_SFC_SW_DWN,2008,-22.5,22.5,23.24,26.11,20.38,21.01,17.48,15.9,17.16,20.01,24.4,25.19,23.76,28.03,21.87
ALLSKY_SFC_SW_DWN,2008,-22.5,23.5,23.53,26.47,20.57,20.64,17.35,15.87,17,20.03,23.84,25.2,23.38,27.83,21.79
ALLSKY_SFC_SW_DWN,2008,-22.5,24.5,23.92,26.3,20.13,20.41,17.57,15.77,17,20.14,23.8,25.21,22.65,27.08,21.65
ALLSKY_SFC_SW_DWN,2008,-22.5,25.5,24.16,26.11,20.36,20.03,17.76,16.12,16.82,20.03,24.08,25.22,22.72,26.36,21.63
ALLSKY_SFC_SW_DWN,2008,-22.5,26.5,23.42,26.14,20.64,20.37,17.48,16.1,16.27,19.75,23.77,25.04,21.71,23.8,21.19
ALLSKY_SFC_SW_DWN,2008,-23.5,16.5,28.58,24.36,21.92,21.08,18.05,16.45,17.66,20.11,25.19,26.11,28.89,27.55,22.99
ALLSKY_SFC_SW_DWN,2008,-23.5,17.5,28.51,24.59,22.08,21.05,17.53,16.22,17.35,19.9,25.16,25.84,28.66,28.12,22.91
ALLSKY_SFC_SW_DWN,2008,-23.5,18.5,28.57,24.56,21.58,21.02,17.34,16.45,17.42,20.28,25.31,25.32,28.18,28.17,22.84
ALLSKY_SFC_SW_DWN,2008,-23.5,19.5,27.17,24.53,21.23,20.93,17.5,16.46,17.54,20.45,25.25,26.13,27.65,28.44,22.77
ALLSKY_SFC_SW_DWN,2008,-23.5,20.5,25.84,24.38,20.28,20.39,17.45,16.19,17.36,19.98,25.33,25.74,27.57,28.04,22.37
ALLSKY_SFC_SW_DWN,2008,-23.5,21.5,25.04,25.3,20.01,20.52,17.2,16.17,17.3,19.87,25.2,25.7,26.62,28.3,22.25
ALLSKY_SFC_SW_DWN,2008,-23.5,22.5,23.88,26.05,19.79,20.61,16.7,15.94,17.03,20.01,24.89,25.56,25.23,28.19,21.97
ALLSKY_SFC_SW_DWN,2008,-23.5,23.5,23.81,26.19,19.48,20.44,16.74,15.63,16.78,19.84,24.4,25.1,23.98,27.99,21.68
ALLSKY_SFC_SW_DWN,2008,-23.5,24.5,23.76,26.54,19.68,20.13,16.84,15.46,16.82,20.06,24.32,25.14,23.61,28.25,21.7
ALLSKY_SFC_SW_DWN,2008,-23.5,25.5,22.82,26.22,19.45,19.36,16.65,15.58,16.42,19.81,23.86,24.85,22.75,26.98,21.21
ALLSKY_SFC_SW_DWN,2008,-23.5,26.5,22.68,26.03,19.61,19.62,16.46,15.7,15.86,19.62,23.74,24.57,22.1,25.31,20.92
ALLSKY_SFC_SW_DWN,2008,-24.5,16.5,28.92,24.32,22.41,20.89,17.75,15.79,16.96,19.53,24.84,26.67,29.83,27.55,22.95
ALLSKY_SFC_SW_DWN,2008,-24.5,17.5,29.13,24.49,22.33,20.7,17.37,15.84,16.93,19.55,24.73,26.38,29.17,28.36,22.91
ALLSKY_SFC_SW_DWN,2008,-24.5,18.5,29.16,24.79,21.9,20.69,17.2,15.94,16.95,19.79,24.99,26.04,28.45,28.84,22.89
ALLSKY_SFC_SW_DWN,2008,-24.5,19.5,27.94,24.49,21.22,20.65,16.94,15.78,16.99,19.77,24.89,25.32,28.78,28.47,22.59
ALLSKY_SFC_SW_DWN,2008,-24.5,20.5,27.34,24.22,20.8,20.69,16.87,15.55,16.92,19.62,24.82,25.07,28.58,28.94,22.44
ALLSKY_SFC_SW_DWN,2008,-24.5,21.5,26.26,24.92,20.33,20.51,16.61,15.59,16.82,19.67,24.84,24.78,27.84,29.1,22.26
ALLSKY_SFC_SW_DWN,2008,-24.5,22.5,24.78,25.69,19.56,20.11,16.18,15.52,16.58,19.63,24.5,25.14,26.67,28.49,21.89
ALLSKY_SFC_SW_DWN,2008,-24.5,23.5,24.14,25.78,18.79,20.33,16,15.5,16.47,19.68,24.09,25.1,25.58,27.81,21.59
ALLSKY_SFC_SW_DWN,2008,-24.5,24.5,24.17,25.86,18.5,20.22,16.3,15.23,16.45,19.64,23.85,25.06,23.96,27.36,21.36
ALLSKY_SFC_SW_DWN,2008,-24.5,25.5,22.64,25.64,18.65,19.82,16.05,15.19,15.89,19.11,23.33,24.59,22.9,27.04,20.89
ALLSKY_SFC_SW_DWN,2008,-24.5,26.5,21.76,25.83,19.22,20.01,15.71,15.24,15.36,18.89,22.88,24.68,22.29,26.35,20.66
ALLSKY_SFC_SW_DWN,2009,-22.5,16.5,27.78,21.59,24.57,21.5,18.25,16.41,18.01,21.08,22.82,24.97,29.45,30.26,23.07
ALLSKY_SFC_SW_DWN,2009,-22.5,17.5,27.24,20.94,23.95,21.68,18.05,16.35,17.95,21.19,22.63,24.33,28.73,29.29,22.71
ALLSKY_SFC_SW_DWN,2009,-22.5,18.5,25.94,21.9,23.59,21.65,17.82,15.96,17.64,21.23,22.41,23.86,28.74,29.2,22.5
ALLSKY_SFC_SW_DWN,2009,-22.5,19.5,25.72,23.32,23.23,21.83,17.67,15.75,17.52,21.13,22.38,24.58,28.45,28.66,22.52
ALLSKY_SFC_SW_DWN,2009,-22.5,20.5,25.59,24.31,23.23,21.68,17.56,15.33,17.34,20.8,22.5,23.74,28.57,28.42,22.41
ALLSKY_SFC_SW_DWN,2009,-22.5,21.5,24.69,23.61,22.96,21.54,17.62,15.01,17.14,20.68,22.35,22.11,27.78,27.46,21.9
ALLSKY_SFC_SW_DWN,2009,-22.5,22.5,24.16,23.84,22.21,21.5,17.52,14.64,16.74,20.59,21.52,21.08,26.89,26.88,21.45
ALLSKY_SFC_SW_DWN,2009,-22.5,23.5,23.91,24.3,21.94,21.57,17.59,14.66,16.66,20.75,21.08,21.97,25.95,26.68,21.4
ALLSKY_SFC_SW_DWN,2009,-22.5,24.5,23.91,24.23,21.37,21.67,17.49,14.63,16.5,20.86,20.87,22.43,25.99,25.99,21.31
ALLSKY_SFC_SW_DWN,2009,-22.5,25.5,24.47,24.44,20.82,21.63,17.31,14.99,16.45,20.88,21.11,23.93,25.5,25.95,21.44
ALLSKY_SFC_SW_DWN,2009,-22.5,26.5,23.39,23.18,19.57,20.68,16.9,14.93,15.95,20.68,20.36,23.61,24.43,26.41,20.83
ALLSKY_SFC_SW_DWN,2009,-23.5,16.5,29.99,21.21,24.76,21.11,17.94,16.01,17.52,20.4,23.52,25.77,30.26,31.79,23.38
ALLSKY_SFC_SW_DWN,2009,-23.5,17.5,29.15,21.86,24.49,21.05,17.48,15.66,17.16,20.25,23.15,25.48,30.03,30.85,23.07
ALLSKY_SFC_SW_DWN,2009,-23.5,18.5,27.89,22.4,23.9,21.36,17.41,15.53,17.23,20.68,23.19,25.06,29.5,30.67,22.91
ALLSKY_SFC_SW_DWN,2009,-23.5,19.5,27.52,23.71,23.74,21.66,17.44,15.4,17.18,20.7,23.3,25.35,29.5,30.13,22.97
ALLSKY_SFC_SW_DWN,2009,-23.5,20.5,26.85,23.72,23.12,21.45,17.32,14.84,16.95,20.46,23.22,24.86,29.5,29.66,22.66
ALLSKY_SFC_SW_DWN,2009,-23.5,21.5,26.06,23.44,22.73,21.06,17.18,14.51,16.91,20.4,23.16,23.8,28.54,28.33,22.17
ALLSKY_SFC_SW_DWN,2009,-23.5,22.5,25.48,23.58,22.4,20.95,16.97,14.33,16.69,20.55,22.48,22.25,27.27,28.31,21.76
ALLSKY_SFC_SW_DWN,2009,-23.5,23.5,25.05,23.54,22.18,21.02,16.95,14.1,16.45,20.42,22.18,22.13,25.96,28.07,21.5
ALLSKY_SFC_SW_DWN,2009,-23.5,24.5,24.24,23.4,21.08,21.17,17.05,14.01,16.33,20.68,22.14,22.9,25.31,27.62,21.32
ALLSKY_SFC_SW_DWN,2009,-23.5,25.5,24.35,23.56,20.25,21.14,16.8,14.15,16.32,20.4,21.7,23.52,24.67,26.97,21.14
ALLSKY_SFC_SW_DWN,2009,-23.5,26.5,22.9,23.35,19.22,20.31,16.38,13.9,16.13,20.09,20.91,23.19,23.98,26.03,20.52
ALLSKY_SFC_SW_DWN,2009,-24.5,16.5,30.17,21.72,24.94,20.53,17.39,15.4,16.92,19.87,23.6,26.57,30.22,32.33,23.33
ALLSKY_SFC_SW_DWN,2009,-24.5,17.5,29.81,22.52,24.8,20.67,17.16,15.34,16.59,19.84,23.17,26.02,30.27,31.77,23.18
ALLSKY_SFC_SW_DWN,2009,-24.5,18.5,29.37,22.56,24.37,20.98,16.98,15.07,16.74,20.27,23.39,25.65,30.13,31.71,23.11
ALLSKY_SFC_SW_DWN,2009,-24.5,19.5,28.57,23.36,23.56,21.13,16.88,14.64,16.64,20.13,23.05,25.1,29.98,31.03,22.84
ALLSKY_SFC_SW_DWN,2009,-24.5,20.5,28.24,24.6,23.32,21.14,16.93,14.4,16.57,20.1,22.96,25.05,29.93,30.65,22.82
ALLSKY_SFC_SW_DWN,2009,-24.5,21.5,26.77,24.22,23.23,20.79,16.85,13.98,16.63,20.02,22.88,24.73,29.06,29.31,22.37
ALLSKY_SFC_SW_DWN,2009,-24.5,22.5,25.38,24.13,22.57,20.54,16.56,13.48,16.3,20.01,22.33,23.13,27.69,28.79,21.73
ALLSKY_SFC_SW_DWN,2009,-24.5,23.5,25.25,23.54,22.36,20.61,16.42,13.59,16.12,20.26,21.99,22.67,26.72,28.68,21.51
ALLSKY_SFC_SW_DWN,2009,-24.5,24.5,24.42,23.57,21.41,20.65,16.31,13.61,15.98,20.25,22.08,22.46,25.41,28.67,21.22
ALLSKY_SFC_SW_DWN,2009,-24.5,25.5,22.94,22.08,20.22,20.49,16.01,13.23,15.9,19.8,21.53,22.07,24.26,27.95,20.54
ALLSKY_SFC_SW_DWN,2009,-24.5,26.5,22.54,22.64,19.78,19.91,15.82,13.15,16.06,19.38,21.11,22.48,24.2,26.28,20.27
ALLSKY_SFC_SW_DWN,2010,-22.5,16.5,24.26,27.06,22.63,21,17.79,17.42,17.81,20.82,23.29,27.19,28.2,28.38,22.96
ALLSKY_SFC_SW_DWN,2010,-22.5,17.5,22.46,26.55,21.43,20.29,17.45,17.46,17.7,20.93,23.53,26.62,26.7,28.27,22.42
ALLSKY_SFC_SW_DWN,2010,-22.5,18.5,22.53,25.75,21.47,20,17.19,17.37,16.96,20.87,23.27,26.55,25.72,28.19,22.13
ALLSKY_SFC_SW_DWN,2010,-22.5,19.5,22.44,25.24,21.88,19.34,17.07,17.34,16.73,20.71,23.01,26.57,25.21,28.24,21.96
ALLSKY_SFC_SW_DWN,2010,-22.5,20.5,22.4,24.61,22.66,19.08,17.33,17.11,16.61,20.25,22.21,26.88,25.2,28.03,21.85
ALLSKY_SFC_SW_DWN,2010,-22.5,21.5,22.67,23.96,22.95,18.48,17.16,17.01,16.59,20.08,22.59,26.78,24.13,27.54,21.66
ALLSKY_SFC_SW_DWN,2010,-22.5,22.5,23.16,23.6,22.24,17.81,16.99,16.72,16.12,19.93,22.48,26.14,23.02,26.98,21.26
ALLSKY_SFC_SW_DWN,2010,-22.5,23.5,23.69,23.51,21.91,17.14,16.94,16.63,16.35,20.32,22.79,25.88,23.38,27.35,21.32
ALLSKY_SFC_SW_DWN,2010,-22.5,24.5,23.99,23.13,22.22,17.02,16.64,16.55,16.04,20.29,22.64,25.64,24.08,27.07,21.27
ALLSKY_SFC_SW_DWN,2010,-22.5,25.5,23.13,22.9,22.15,16.26,16.2,16.45,15.89,20.51,23.23,25.36,24.39,26.49,21.08
ALLSKY_SFC_SW_DWN,2010,-22.5,26.5,22.63,22.14,21.06,15.18,15.77,15.97,15.47,20.27,23.07,24.81,23.21,25.53,20.42
ALLSKY_SFC_SW_DWN,2010,-23.5,16.5,26.09,27.52,23.27,21.17,17.46,16.94,17.27,20.5,23.41,27.44,29.29,29.92,23.33
ALLSKY_SFC_SW_DWN,2010,-23.5,17.5,25.6,27.55,22.53,20.8,17.14,16.77,17.09,20.39,23.21,27.01,28.05,29.64,22.95
ALLSKY_SFC_SW_DWN,2010,-23.5,18.5,24.25,27.35,22.49,20.31,17.01,16.92,16.91,20.61,23.65,27.21,27.45,30.1,22.83
ALLSKY_SFC_SW_DWN,2010,-23.5,19.5,23.55,26.49,22.52,19.55,17.01,16.92,16.83,20.58,23.71,27.51,27,29.78,22.6
ALLSKY_SFC_SW_DWN,2010,-23.5,20.5,23.46,25.08,22.75,18.91,17.06,16.74,16.6,20.08,22.71,27.14,26.35,29.21,22.16
ALLSKY_SFC_SW_DWN,2010,-23.5,21.5,23.18,24.37,22.83,18.2,17.08,16.7,16.48,19.93,22.82,27.07,25.95,28.72,21.94
ALLSKY_SFC_SW_DWN,2010,-23.5,22.5,23.65,24.02,22.72,17.68,16.88,16.52,16.34,19.96,22.8,26.54,24.81,28.26,21.68
ALLSKY_SFC_SW_DWN,2010,-23.5,23.5,23.62,23.98,22.05,16.73,16.46,16.43,16.31,19.92,22.96,25.92,24.43,27.89,21.38
ALLSKY_SFC_SW_DWN,2010,-23.5,24.5,24.37,24.23,21.75,16.21,16.04,16.24,16.09,19.98,22.95,26.22,24.45,27.89,21.36
ALLSKY_SFC_SW_DWN,2010,-23.5,25.5,23.77,24.13,21.56,15.55,15.76,16.14,15.79,20.1,23.1,25.84,23.84,26.77,21.02
ALLSKY_SFC_SW_DWN,2010,-23.5,26.5,22.67,23.54,21.2,14.6,15.55,15.69,15.37,19.85,22.77,25.21,22.87,25.42,20.39
ALLSKY_SFC_SW_DWN,2010,-24.5,16.5,26.81,27.69,24.23,20.84,17.14,16.35,16.83,20.08,22.67,27.58,30.14,31.01,23.42
ALLSKY_SFC_SW_DWN,2010,-24.5,17.5,26.67,27.76,23.49,20.52,16.8,16.32,16.54,19.96,22.84,27.21,29.47,30.7,23.16
ALLSKY_SFC_SW_DWN,2010,-24.5,18.5,26.41,27.57,22.97,20.3,16.7,16.44,16.52,20.23,23.43,27.43,29.22,31.04,23.16
ALLSKY_SFC_SW_DWN,2010,-24.5,19.5,24.54,26.94,22.56,19.7,16.64,16.42,16.22,19.97,23.49,27.23,28.35,30.46,22.68
ALLSKY_SFC_SW_DWN,2010,-24.5,20.5,24.27,25.98,22.95,19.14,16.69,16.28,16.12,19.68,22.56,27.28,27.8,30.55,22.42
ALLSKY_SFC_SW_DWN,2010,-24.5,21.5,23.41,25.06,22.54,18.4,16.75,16.27,15.89,19.61,22.34,26.95,27.12,29.48,21.97
ALLSKY_SFC_SW_DWN,2010,-24.5,22.5,23.4,24.41,22.29,17.78,16.62,16.08,15.74,19.53,22.17,26.5,26.2,28.9,21.62
ALLSKY_SFC_SW_DWN,2010,-24.5,23.5,23.81,24.09,22.03,16.95,16.14,16.03,15.93,19.75,22.41,26.26,25.95,28.59,21.49
ALLSKY_SFC_SW_DWN,2010,-24.5,24.5,24.11,24.03,21.25,16.47,15.72,15.95,15.88,19.81,22.68,25.76,25.18,27.71,21.2
ALLSKY_SFC_SW_DWN,2010,-24.5,25.5,23.28,24.01,21.01,14.91,15.03,15.57,15.4,19.76,22.75,25.59,24.06,26.37,20.63
ALLSKY_SFC_SW_DWN,2010,-24.5,26.5,22.46,24.07,20.48,14.16,15.06,15.23,14.98,19.55,22.5,25.33,23.07,24.95,20.14
ALLSKY_SFC_SW_DWN,2011,-22.5,16.5,24.85,24.42,20.32,19.2,18.06,17.09,17.83,20.85,23.91,27.57,28.73,29.75,22.71
ALLSKY_SFC_SW_DWN,2011,-22.5,17.5,24.04,22.78,18.5,18.53,17.76,17.29,17.79,20.95,23.97,27.04,27.08,28.35,22
ALLSKY_SFC_SW_DWN,2011,-22.5,18.5,23.54,23.07,18.83,18.5,17.47,17.27,17.49,20.99,24.22,26.27,27.21,27.38,21.84
ALLSKY_SFC_SW_DWN,2011,-22.5,19.5,23.85,23.82,19.28,18.23,17.41,17.2,17.27,20.97,24.33,26.25,26.77,26.66,21.82
ALLSKY_SFC_SW_DWN,2011,-22.5,20.5,24.41,24.15,20.65,18.07,17.77,16.81,17.08,20.6,24.33,26.65,26.48,26.17,21.92
ALLSKY_SFC_SW_DWN,2011,-22.5,21.5,24.09,24.51,21.16,17.43,18.04,16.61,16.97,20.39,24.38,26.19,26.04,25.5,21.76
ALLSKY_SFC_SW_DWN,2011,-22.5,22.5,23.23,25.04,20.96,16.92,17.77,16.26,16.38,20.19,24.09,25.84,25.55,24.66,21.39
ALLSKY_SFC_SW_DWN,2011,-22.5,23.5,23.91,26.05,22,17,17.72,16.23,16.37,20.48,23.86,25.59,26.24,23.78,21.57
ALLSKY_SFC_SW_DWN,2011,-22.5,24.5,24.24,25.8,22.29,16.73,17.51,16.3,16.43,20.6,23.86,25.26,26.65,23.7,21.59
ALLSKY_SFC_SW_DWN,2011,-22.5,25.5,24.43,25.36,23.15,17.08,17.22,16.26,16.59,20.45,24.16,24.82,25.92,23.61,21.56
ALLSKY_SFC_SW_DWN,2011,-22.5,26.5,22.64,24.87,23.52,16.73,17.03,16.33,16.14,19.99,24.15,23.87,25.26,21.73,20.99
ALLSKY_SFC_SW_DWN,2011,-23.5,16.5,25.28,23.86,19.94,19.25,17.47,16.53,17.37,20.56,24.13,28.13,29.98,30.6,22.75
ALLSKY_SFC_SW_DWN,2011,-23.5,17.5,25.68,24.75,19.98,18.9,17.06,16.58,17.18,20.51,23.77,27.5,28.75,29.99,22.54
ALLSKY_SFC_SW_DWN,2011,-23.5,18.5,25.19,24.2,19.44,18.88,17.29,16.72,17.15,20.73,24.05,27.14,28.76,29.36,22.4
ALLSKY_SFC_SW_DWN,2011,-23.5,19.5,25.18,24.37,19.43,19.22,17.2,16.74,17.02,20.73,24.12,27.07,28.48,28.95,22.36
ALLSKY_SFC_SW_DWN,2011,-23.5,20.5,24.63,24.38,19.67,18.49,17.24,16.48,16.76,20.34,24.17,27.06,27.84,27.86,22.06
ALLSKY_SFC_SW_DWN,2011,-23.5,21.5,24.72,25.1,19.91,18.09,17.27,16.31,16.63,20.33,24.32,26.93,27.42,26.56,21.94
ALLSKY_SFC_SW_DWN,2011,-23.5,22.5,23.48,24.63,19.86,17.57,17.17,16.03,16.2,20.18,24.17,26.4,26.82,25.33,21.46
ALLSKY_SFC_SW_DWN,2011,-23.5,23.5,23.67,25.64,21.84,17.39,17.23,15.96,16.23,20.32,24.13,26.03,26.75,24.53,21.62
ALLSKY_SFC_SW_DWN,2011,-23.5,24.5,24.08,25.94,22.62,17.49,16.96,15.92,16.1,20.34,24.11,26.19,26.66,23.99,21.67
ALLSKY_SFC_SW_DWN,2011,-23.5,25.5,23.33,25.04,22.38,16.8,16.18,15.89,15.96,20,24.12,24.99,26.27,22.72,21.11
ALLSKY_SFC_SW_DWN,2011,-23.5,26.5,22.71,24.64,22.09,15.8,15.92,15.86,15.91,19.62,23.85,24.24,25.87,21.48,20.64
ALLSKY_SFC_SW_DWN,2011,-24.5,16.5,26.07,24.66,20.8,19.31,16.84,16,16.96,20.11,24.1,28.59,30.79,31.43,22.96
ALLSKY_SFC_SW_DWN,2011,-24.5,17.5,26.38,25.11,20.96,19.04,16.46,16.05,16.7,20.11,23.82,27.98,30.02,30.97,22.79
ALLSKY_SFC_SW_DWN,2011,-24.5,18.5,26.34,24.64,20.36,19.54,16.63,16.17,16.6,20.3,23.83,27.63,29.93,30.54,22.7
ALLSKY_SFC_SW_DWN,2011,-24.5,19.5,25.5,24.83,19.42,19.64,16.55,16.02,16.52,20.19,23.85,27.21,29.45,29.77,22.39
ALLSKY_SFC_SW_DWN,2011,-24.5,20.5,25.56,25.51,19.12,19.16,16.81,15.68,16.27,19.84,23.8,26.77,29.38,29.15,22.23
ALLSKY_SFC_SW_DWN,2011,-24.5,21.5,26.01,24.56,18.76,18.53,16.82,15.54,16.07,19.89,23.78,26.87,29.03,27.95,21.97
ALLSKY_SFC_SW_DWN,2011,-24.5,22.5,24.56,24.56,19.47,17.75,16.77,15.22,15.71,19.82,23.74,26.43,28.25,26.11,21.51
ALLSKY_SFC_SW_DWN,2011,-24.5,23.5,24.3,24.62,20.83,17.3,16.61,15.32,15.68,20.03,23.72,25.93,27.58,25.15,21.4
ALLSKY_SFC_SW_DWN,2011,-24.5,24.5,23.91,25.25,21.61,16.84,16.2,15.48,15.69,19.92,23.68,25.78,26.97,24.24,21.27
ALLSKY_SFC_SW_DWN,2011,-24.5,25.5,22.38,24.6,21.62,16.02,16.05,15.55,15.67,19.48,23.6,24.5,26.34,21.77,20.6
ALLSKY_SFC_SW_DWN,2011,-24.5,26.5,22.14,23.64,22.05,15.06,15.74,15.56,15.56,19.18,23.32,24.24,25.59,21.05,20.24
ALLSKY_SFC_SW_DWN,2012,-22.5,16.5,25.47,23.57,23.34,21.26,19.05,17.13,17.92,19.82,24.37,27.5,27.12,29.23,22.98
ALLSKY_SFC_SW_DWN,2012,-22.5,17.5,25.18,21.95,22.99,20.76,19.05,17.12,17.92,19.83,24.22,26.89,25.82,27.13,22.41
ALLSKY_SFC_SW_DWN,2012,-22.5,18.5,25.16,22.05,22.34,20.48,18.72,16.95,17.6,19.6,24.02,26.65,25.76,26.69,22.17
ALLSKY_SFC_SW_DWN,2012,-22.5,19.5,25.53,22.41,22.44,20.65,18.8,16.9,17.7,19.54,24.13,26.28,25.8,26.42,22.22
ALLSKY_SFC_SW_DWN,2012,-22.5,20.5,25.99,22.94,22.37,21.42,18.77,16.62,17.42,19.49,24.23,26.08,26.02,26.01,22.28
ALLSKY_SFC_SW_DWN,2012,-22.5,21.5,25.74,22.45,21.99,21.63,18.66,16.44,17.37,19.32,24.25,25.93,26.04,26.71,22.21
ALLSKY_SFC_SW_DWN,2012,-22.5,22.5,25.98,22.87,22.31,21.24,18.33,16.28,17.18,19.38,23.88,25.69,26.26,26.45,22.15
ALLSKY_SFC_SW_DWN,2012,-22.5,23.5,26.3,23.99,22.47,20.94,18.46,16.4,17.32,19.82,23.28,25.35,26.61,26.52,22.28
ALLSKY_SFC_SW_DWN,2012,-22.5,24.5,26.68,24.53,23,21.11,18.57,16.45,17.42,20.19,23.56,24.92,26.74,25.02,22.34
ALLSKY_SFC_SW_DWN,2012,-22.5,25.5,26.56,24.52,22.9,21.14,18.6,16.44,17.51,20.33,23.87,24.3,26.5,24.03,22.22
ALLSKY_SFC_SW_DWN,2012,-22.5,26.5,26.67,24.35,22.79,20.45,18.59,16.46,17.4,20.19,23.44,22.92,25.75,22.96,21.82
ALLSKY_SFC_SW_DWN,2012,-23.5,16.5,27.14,23.51,22.79,21.26,18.42,16.46,17.35,19.92,24.86,28.5,28.72,30.44,23.28
ALLSKY_SFC_SW_DWN,2012,-23.5,17.5,26.98,24.11,23.51,21.09,18.17,16.3,17.07,19.89,24,28.07,27.58,29.46,23.02
ALLSKY_SFC_SW_DWN,2012,-23.5,18.5,27.09,23.06,23.1,21.16,18.27,16.44,17.09,19.46,24.13,27.98,27.94,28.47,22.85
ALLSKY_SFC_SW_DWN,2012,-23.5,19.5,26.88,23.51,23.15,20.9,18.32,16.42,17.33,19.64,24.31,27.72,28.21,27.9,22.86
ALLSKY_SFC_SW_DWN,2012,-23.5,20.5,27.54,23.88,22.87,20.84,18.21,16.33,17.28,19.2,24.38,27.13,27.97,27.1,22.72
ALLSKY_SFC_SW_DWN,2012,-23.5,21.5,27.05,23.14,22.66,21.21,18.17,16.24,17.25,19.21,24.58,26.89,27.4,26.29,22.51
ALLSKY_SFC_SW_DWN,2012,-23.5,22.5,25.88,23.83,22.7,21.29,18.07,16.08,17.02,19.21,24.43,26.48,27.06,26.2,22.35
ALLSKY_SFC_SW_DWN,2012,-23.5,23.5,25.95,24.27,22.84,20.94,18.01,16.09,16.85,19.41,23.83,26.06,27.47,26.38,22.33
ALLSKY_SFC_SW_DWN,2012,-23.5,24.5,26.69,24.97,22.89,20.59,18.09,16.05,17.1,19.89,23.91,25.98,27.51,26.12,22.47
ALLSKY_SFC_SW_DWN,2012,-23.5,25.5,26.33,24.52,22.65,20.38,18.18,15.82,16.96,19.91,23.8,24.59,27.05,24.69,22.06
ALLSKY_SFC_SW_DWN,2012,-23.5,26.5,25.99,24.31,22.57,19.99,17.98,15.79,16.82,19.86,23.23,23.3,26.73,23.53,21.66
ALLSKY_SFC_SW_DWN,2012,-24.5,16.5,28.56,24.45,22.59,21.13,17.84,15.79,16.9,19.59,25.05,28.67,29.8,30.95,23.44
ALLSKY_SFC_SW_DWN,2012,-24.5,17.5,27.4,24.5,23.3,20.98,17.74,15.6,16.57,19.54,24.34,28.65,28.82,30.21,23.14
ALLSKY_SFC_SW_DWN,2012,-24.5,18.5,27.42,24.37,23.52,21.01,17.81,15.75,16.54,19.29,23.91,28.49,29.11,29.87,23.09
ALLSKY_SFC_SW_DWN,2012,-24.5,19.5,27.71,24.31,23.65,20.65,17.83,15.74,16.57,19.01,23.81,28.04,29.32,28.95,22.97
ALLSKY_SFC_SW_DWN,2012,-24.5,20.5,28.38,24.61,23.62,20.17,17.58,15.64,16.68,18.59,23.63,27.59,29.08,28.67,22.85
ALLSKY_SFC_SW_DWN,2012,-24.5,21.5,27.72,23.89,22.96,20.26,17.7,15.62,16.75,18.76,23.86,27.32,28.44,27.32,22.55
ALLSKY_SFC_SW_DWN,2012,-24.5,22.5,27,23.74,22.73,20.37,17.68,15.48,16.48,18.92,23.77,26.71,27.32,26.52,22.22
ALLSKY_SFC_SW_DWN,2012,-24.5,23.5,26.21,24.4,23.16,20.58,17.69,15.57,16.49,19.23,23.43,26.42,27.42,26.74,22.27
ALLSKY_SFC_SW_DWN,2012,-24.5,24.5,26.62,24.55,23.07,20.52,17.62,15.53,16.55,19.32,23.21,25.77,27.6,25.99,22.19
ALLSKY_SFC_SW_DWN,2012,-24.5,25.5,26.82,24.47,22.58,19.86,17.54,15.42,16.46,19.26,22.95,23.79,27.39,25.05,21.79
ALLSKY_SFC_SW_DWN,2012,-24.5,26.5,27.2,24.66,22.18,19.66,17.38,15.14,16.28,19.38,22.31,22.74,26.85,24.59,21.52
ALLSKY_SFC_SW_DWN,2013,-22.5,16.5,28.75,27.12,23.73,22.86,18.75,17.06,17.96,21.4,22.94,27.46,29.45,28,23.77
ALLSKY_SFC_SW_DWN,2013,-22.5,17.5,28.16,26.82,22.89,22.71,18.65,17.07,17.84,21.41,23.14,27.22,28.07,26.37,23.34
ALLSKY_SFC_SW_DWN,2013,-22.5,18.5,27.94,26.61,22.5,22.45,18.35,17.01,17.17,20.98,23.22,27.43,27.71,24.97,23
ALLSKY_SFC_SW_DWN,2013,-22.5,19.5,27.89,26.87,22.46,22.18,18.32,17.02,17.15,20.93,23.47,27.26,27.74,23.59,22.88
ALLSKY_SFC_SW_DWN,2013,-22.5,20.5,27.99,27.13,22.98,22.21,18.35,16.74,16.96,20.43,23.06,27.25,27.81,23.08,22.8
ALLSKY_SFC_SW_DWN,2013,-22.5,21.5,28.13,27.1,23.06,22.1,18.58,16.6,17.11,20.08,22.98,27,28,23.26,22.8
ALLSKY_SFC_SW_DWN,2013,-22.5,22.5,26.73,26.71,23.44,21.73,18.47,16.57,17.01,19.82,21.99,26.66,27.17,23.36,22.44
ALLSKY_SFC_SW_DWN,2013,-22.5,23.5,26.24,26.54,23.75,21.56,18.73,16.78,17.15,20.08,21.16,27.09,27.08,23.9,22.48
ALLSKY_SFC_SW_DWN,2013,-22.5,24.5,25.46,26.8,23.88,21.34,18.72,16.75,16.98,20.07,21.48,26.91,26.81,24.27,22.43
ALLSKY_SFC_SW_DWN,2013,-22.5,25.5,24.98,26.44,23.62,20.56,18.78,16.88,17.1,19.9,21.99,26.65,26.04,23.25,22.16
ALLSKY_SFC_SW_DWN,2013,-22.5,26.5,23.32,25.99,22.54,19.65,18.27,16.72,16.67,19.51,21.9,25.65,25.07,21.21,21.34
ALLSKY_SFC_SW_DWN,2013,-23.5,16.5,29.21,28.11,23.73,22.72,18.23,16.65,17.68,21.42,22.98,28.28,30.78,29.13,24.05
ALLSKY_SFC_SW_DWN,2013,-23.5,17.5,28.65,27.81,23.87,22.44,17.88,16.51,17.4,21.21,22.91,27.94,29.52,28.17,23.67
ALLSKY_SFC_SW_DWN,2013,-23.5,18.5,29.01,28.34,23.86,22.39,18.07,16.55,17.19,21.07,23.36,27.85,29.21,27.35,23.66
ALLSKY_SFC_SW_DWN,2013,-23.5,19.5,29.28,28.06,23.81,22.11,18.04,16.52,17.32,20.95,23.67,27.62,29.16,25.66,23.49
ALLSKY_SFC_SW_DWN,2013,-23.5,20.5,28.82,27.63,23.53,21.95,18,16.37,16.94,20.52,23.68,27.65,28.93,24.1,23.15
ALLSKY_SFC_SW_DWN,2013,-23.5,21.5,28.48,27.13,23.36,21.78,18.11,16.39,16.92,20.21,23.67,27.92,28.71,23.59,22.99
ALLSKY_SFC_SW_DWN,2013,-23.5,22.5,28.02,26.57,23.46,21.17,18.05,16.22,16.78,20,22.88,27.53,28.27,23.02,22.64
ALLSKY_SFC_SW_DWN,2013,-23.5,23.5,27.68,27.31,23.52,20.94,18.11,16.23,16.66,19.8,22.07,27.2,28.07,23.57,22.57
ALLSKY_SFC_SW_DWN,2013,-23.5,24.5,26.8,27.09,23.89,20.7,18.11,16.25,16.7,20.18,22.02,27.29,27.63,24.27,22.55
ALLSKY_SFC_SW_DWN,2013,-23.5,25.5,25.5,26.26,23.5,20.2,18.15,16.38,16.55,19.89,21.61,26.86,26.93,23.07,22.05
ALLSKY_SFC_SW_DWN,2013,-23.5,26.5,24.34,26.37,22.72,19.45,17.77,16.16,16.15,19.5,21.55,26.03,26.12,21.42,21.43
ALLSKY_SFC_SW_DWN,2013,-24.5,16.5,29.53,28.75,24.12,22.41,17.67,16.16,17.24,20.95,22.92,28.65,31.57,29.78,24.12
ALLSKY_SFC_SW_DWN,2013,-24.5,17.5,29.1,28.33,24.07,22.12,17.3,16.01,16.98,20.82,22.74,28.5,30.76,29.32,23.81
ALLSKY_SFC_SW_DWN,2013,-24.5,18.5,29.58,28.8,24.26,22.04,17.49,16.05,16.8,20.67,23.13,28.31,30.64,28.19,23.8
ALLSKY_SFC_SW_DWN,2013,-24.5,19.5,29.8,28.53,23.96,21.71,17.54,15.95,16.83,20.5,23.15,28.22,30.2,27.45,23.62
ALLSKY_SFC_SW_DWN,2013,-24.5,20.5,29.87,28.15,23.66,21.56,17.64,15.89,16.6,19.99,23.28,28.12,29.66,26.35,23.37
ALLSKY_SFC_SW_DWN,2013,-24.5,21.5,29.17,27.6,23.51,21.27,17.53,15.92,16.58,19.74,23.47,28.44,29.11,25.49,23.12
ALLSKY_SFC_SW_DWN,2013,-24.5,22.5,28.38,26.76,23.15,20.81,17.35,15.73,16.38,19.59,22.96,27.97,28.68,24.68,22.68
ALLSKY_SFC_SW_DWN,2013,-24.5,23.5,28.21,26.8,23.46,20.43,17.58,15.93,16.42,19.88,22.22,27.79,28.82,24.01,22.6
ALLSKY_SFC_SW_DWN,2013,-24.5,24.5,27.63,26.99,23.65,20.2,17.58,15.94,16.22,19.81,21.97,27.51,28.25,23.96,22.45
ALLSKY_SFC_SW_DWN,2013,-24.5,25.5,25.83,25.98,23.15,19.53,17.23,15.9,15.9,19.37,21.14,26.61,27.46,22.4,21.68
ALLSKY_SFC_SW_DWN,2013,-24.5,26.5,25.01,25.9,22.31,19.06,17,15.72,15.51,19.12,20.95,25.52,27.12,21.83,21.22
ALLSKY_SFC_SW_DWN,2014,-22.5,16.5,28,23.56,23.7,20.46,18.32,16.98,17.93,20.39,23.76,27.6,29.39,30.74,23.41
ALLSKY_SFC_SW_DWN,2014,-22.5,17.5,27.66,22.64,22.99,19.41,18.27,16.95,17.93,20.48,23.61,26.5,27.91,28.02,22.71
ALLSKY_SFC_SW_DWN,2014,-22.5,18.5,26.11,21.02,23.05,18.64,18.16,16.83,17.77,20.33,23.86,26.39,27.42,27.46,22.27
ALLSKY_SFC_SW_DWN,2014,-22.5,19.5,25.97,21.18,22.29,18.51,18.27,16.71,17.66,19.99,23.81,26.81,26.6,27.3,22.11
ALLSKY_SFC_SW_DWN,2014,-22.5,20.5,26.91,20.77,22.48,19.27,18.33,16.64,17.49,19.85,23.78,26.74,26.25,26.59,22.11
ALLSKY_SFC_SW_DWN,2014,-22.5,21.5,26.7,20.84,21.99,19.51,18.26,16.53,17.42,20.03,24.08,26.77,25.38,25.62,21.94
ALLSKY_SFC_SW_DWN,2014,-22.5,22.5,25.94,20.72,20.98,19.48,18.16,16.38,16.93,20.08,23.96,26.56,24.43,24.79,21.55
ALLSKY_SFC_SW_DWN,2014,-22.5,23.5,25.69,22.04,20.42,19.19,17.73,16.5,16.66,20.39,23.62,26.45,23.52,24.53,21.4
ALLSKY_SFC_SW_DWN,2014,-22.5,24.5,25.22,23.08,20.63,18.97,17.73,16.64,16.75,20.47,23.35,26.25,22.88,23.8,21.31
ALLSKY_SFC_SW_DWN,2014,-22.5,25.5,25,23.25,20.25,18.14,18.03,16.74,16.95,20.69,23.49,26.13,22.77,23.47,21.24
ALLSKY_SFC_SW_DWN,2014,-22.5,26.5,24.03,21.97,18.85,17.36,17.33,16.57,16.64,20.46,23.35,26.07,21.86,21.91,20.53
ALLSKY_SFC_SW_DWN,2014,-23.5,16.5,28.56,24.31,23.87,20.78,18.06,16.6,17.36,20.29,23.83,28.41,30.55,31.94,23.72
ALLSKY_SFC_SW_DWN,2014,-23.5,17.5,28.18,24.43,24.05,20.34,17.69,16.33,17.18,20.11,23.43,27.58,29.18,30.16,23.22
ALLSKY_SFC_SW_DWN,2014,-23.5,18.5,27.67,23.1,23.98,19.73,17.85,16.41,17.22,20.17,23.71,27.14,28.56,29.7,22.94
ALLSKY_SFC_SW_DWN,2014,-23.5,19.5,27.4,22.11,23.76,20.07,18.11,16.55,17.4,20.14,24.31,27.53,28.18,28.72,22.87
ALLSKY_SFC_SW_DWN,2014,-23.5,20.5,27.06,21.57,23.02,19.58,18.05,16.42,17.31,19.52,24.22,27.28,27.39,27.42,22.42
ALLSKY_SFC_SW_DWN,2014,-23.5,21.5,26.31,21.17,21.59,19.46,18.03,16.34,17.21,19.39,24.21,27.38,26.53,26.41,22.01
ALLSKY_SFC_SW_DWN,2014,-23.5,22.5,25.9,21.36,21.09,19.69,17.6,16.22,16.92,19.48,24.17,27.38,25.67,25.89,21.79
ALLSKY_SFC_SW_DWN,2014,-23.5,23.5,26.19,21.67,20.76,19.56,17.58,16.3,16.79,19.57,24.09,27.11,24.56,24.97,21.6
ALLSKY_SFC_SW_DWN,2014,-23.5,24.5,26.18,22.77,20.26,18.82,17.41,16.44,16.72,19.95,24.05,26.85,23.93,24.62,21.5
ALLSKY_SFC_SW_DWN,2014,-23.5,25.5,25.6,23.07,19.49,18.38,17.42,16.48,16.87,20.14,23.7,26.06,23.23,24.32,21.22
ALLSKY_SFC_SW_DWN,2014,-23.5,26.5,25.15,22.38,17.84,17.98,16.99,16.33,16.75,19.96,23.58,25.88,22.36,23.72,20.74
ALLSKY_SFC_SW_DWN,2014,-24.5,16.5,28.1,25.37,24.27,20.84,17.5,16.17,16.85,20.11,23.7,28.37,31.05,32.49,23.73
ALLSKY_SFC_SW_DWN,2014,-24.5,17.5,28.44,25.34,24.45,20.79,17.45,16.06,16.69,19.8,23.19,27.88,30.09,31.34,23.46
ALLSKY_SFC_SW_DWN,2014,-24.5,18.5,28.62,25.18,24.4,20.2,17.65,16.01,16.78,20,23.26,27.45,29.17,30.58,23.27
ALLSKY_SFC_SW_DWN,2014,-24.5,19.5,28.51,23.31,24.01,19.57,17.67,15.89,16.81,19.73,23.63,27.68,28.69,29.62,22.93
ALLSKY_SFC_SW_DWN,2014,-24.5,20.5,28.18,22.57,23.99,19.65,17.44,15.91,16.87,19.41,23.54,27.55,28.04,28.89,22.68
ALLSKY_SFC_SW_DWN,2014,-24.5,21.5,27.84,22.03,22.55,19.74,17.45,15.86,16.85,18.94,23.75,27.47,27.72,27.98,22.36
ALLSKY_SFC_SW_DWN,2014,-24.5,22.5,26.44,21.87,21.48,19.8,17.35,15.74,16.59,18.6,23.74,27.21,26.93,26.83,21.89
ALLSKY_SFC_SW_DWN,2014,-24.5,23.5,26.61,22.36,20.74,19.63,17.21,15.8,16.47,18.86,23.89,27.1,25.6,26.29,21.71
ALLSKY_SFC_SW_DWN,2014,-24.5,24.5,27.11,22.82,20.35,19.08,17.09,15.97,16.61,19.14,23.89,26.97,24.3,25.87,21.6
ALLSKY_SFC_SW_DWN,2014,-24.5,25.5,26.44,22.15,18.48,18.17,16.44,16.05,16.67,19.28,23.59,26.12,22.7,24.77,20.9
ALLSKY_SFC_SW_DWN,2014,-24.5,26.5,25.85,21.84,17.03,17.98,16.19,15.93,16.54,19.27,23.38,25.77,22.14,23.83,20.47
ALLSKY_SFC_SW_DWN,2015,-22.5,16.5,26.94,28.93,21.95,20.75,18.79,17.52,17.32,19.49,24.08,26.76,30.57,25.46,23.17
ALLSKY_SFC_SW_DWN,2015,-22.5,17.5,26.42,28.1,20.84,20.05,18.78,17.63,17.25,19.48,23.91,26.67,30.2,24.09,22.74
ALLSKY_SFC_SW_DWN,2015,-22.5,18.5,26.94,27.83,20.23,19.59,18.7,17.48,16.95,19.23,23.79,27.04,30.33,24.89,22.71
ALLSKY_SFC_SW_DWN,2015,-22.5,19.5,27.18,27.76,19.45,19.4,18.89,17.34,16.84,19.22,23.88,27.35,30.16,25.96,22.75
ALLSKY_SFC_SW_DWN,2015,-22.5,20.5,27.66,27.52,19.64,19.16,18.99,17.11,16.73,19.21,23.37,27.1,30.36,27.26,22.81
ALLSKY_SFC_SW_DWN,2015,-22.5,21.5,27.31,26.98,19.89,19.04,18.93,16.93,16.88,19.22,23.34,27.52,30.36,27.36,22.79
ALLSKY_SFC_SW_DWN,2015,-22.5,22.5,27.15,27.18,20.09,18.08,18.7,16.66,16.95,19.57,23,27.21,29.93,26.8,22.58
ALLSKY_SFC_SW_DWN,2015,-22.5,23.5,27.49,27.27,20.75,17.73,18.71,16.65,17.1,19.97,22.29,27.17,29.42,27.49,22.64
ALLSKY_SFC_SW_DWN,2015,-22.5,24.5,27.23,27.03,21.08,17.54,18.69,16.53,17.12,20.16,22.22,26.96,29.18,27.49,22.58
ALLSKY_SFC_SW_DWN,2015,-22.5,25.5,27.13,26.65,21.61,17.38,18.68,16.58,17.22,20.53,22.78,26.79,28.32,27.58,22.58
ALLSKY_SFC_SW_DWN,2015,-22.5,26.5,26.3,26.35,21.43,16.95,18.51,16.12,16.99,20.48,21.66,26.26,26.35,26.76,22
ALLSKY_SFC_SW_DWN,2015,-23.5,16.5,27.45,29.98,22.6,20.83,18.46,17.05,17.11,19.16,23.84,27.02,31.4,26.49,23.4
ALLSKY_SFC_SW_DWN,2015,-23.5,17.5,27.62,29.29,21.53,20.1,18.25,16.94,16.59,19.01,23.57,27.47,30.91,25.95,23.05
ALLSKY_SFC_SW_DWN,2015,-23.5,18.5,28.35,28.68,21.37,19.63,18.54,17.08,16.51,18.96,23.73,27.89,31.05,26.57,23.16
ALLSKY_SFC_SW_DWN,2015,-23.5,19.5,28.41,28.61,20.48,19.33,18.64,16.91,16.73,19.23,24.04,27.74,30.93,27.42,23.17
ALLSKY_SFC_SW_DWN,2015,-23.5,20.5,28.18,28.28,20.15,19.25,18.61,16.62,16.38,18.77,23.74,27.56,30.48,27.66,22.93
ALLSKY_SFC_SW_DWN,2015,-23.5,21.5,27.96,27.88,19.9,18.97,18.56,16.52,16.37,18.99,23.5,27.67,30.46,27.33,22.81
ALLSKY_SFC_SW_DWN,2015,-23.5,22.5,27.68,27.07,20.12,18.16,18.41,16.27,16.59,19.35,23.02,27.53,30.06,27.28,22.6
ALLSKY_SFC_SW_DWN,2015,-23.5,23.5,27.44,26.87,20.59,17.92,18.37,16.24,16.58,19.62,22.38,27.41,29.94,28.01,22.59
ALLSKY_SFC_SW_DWN,2015,-23.5,24.5,27.71,26.87,20.96,17.8,18.36,16.14,16.76,19.99,22.36,27.27,29.65,28.44,22.67
ALLSKY_SFC_SW_DWN,2015,-23.5,25.5,26.77,26.92,20.99,17.8,18.24,15.96,16.8,20.23,22.21,26.48,28.72,28.23,22.42
ALLSKY_SFC_SW_DWN,2015,-23.5,26.5,25.9,25.92,21.38,17.31,18.11,15.72,16.57,20.07,21.41,26.15,27.32,27.15,21.9
ALLSKY_SFC_SW_DWN,2015,-24.5,16.5,28.05,30.61,23.72,20.77,18.14,16.34,16.61,18.52,23.31,27.64,31.98,27.76,23.57
ALLSKY_SFC_SW_DWN,2015,-24.5,17.5,28.09,29.94,22.69,19.91,18.01,16.29,16.19,18.61,23.5,27.74,31.69,27.54,23.3
ALLSKY_SFC_SW_DWN,2015,-24.5,18.5,28.6,29.43,22.28,19.54,18.19,16.53,16.04,18.8,23.72,28,31.6,27.83,23.34
ALLSKY_SFC_SW_DWN,2015,-24.5,19.5,28.38,28.41,21.38,19.44,18.14,16.27,15.89,18.43,23.61,27.85,31.51,28.29,23.09
ALLSKY_SFC_SW_DWN,2015,-24.5,20.5,28.58,28.1,20.64,19.24,18.18,15.77,15.96,18.17,23.48,27.56,31.26,28.63,22.93
ALLSKY_SFC_SW_DWN,2015,-24.5,21.5,28.35,27.88,20.42,18.86,18.17,15.67,16.02,18.38,23.21,27.82,30.8,28.26,22.78
ALLSKY_SFC_SW_DWN,2015,-24.5,22.5,28.19,27,20.21,18.16,18.08,15.63,15.84,18.73,22.62,27.48,30.21,27.92,22.48
ALLSKY_SFC_SW_DWN,2015,-24.5,23.5,27.76,26.75,20.53,18.3,17.99,15.66,16.14,19.49,22.21,27.27,29.42,28.72,22.5
ALLSKY_SFC_SW_DWN,2015,-24.5,24.5,27.49,26.64,20.85,18.15,18.02,15.57,16.2,19.58,21.76,26.85,29.11,29.13,22.43
ALLSKY_SFC_SW_DWN,2015,-24.5,25.5,26.38,26.32,20.61,17.65,17.82,15.24,16.23,19.76,21.21,26.05,28.33,27.62,21.91
ALLSKY_SFC_SW_DWN,2015,-24.5,26.5,25.99,25.9,21.22,17.65,17.76,14.94,16.05,19.56,20.76,25.66,27.57,27.47,21.69
ALLSKY_SFC_SW_DWN,2016,-22.5,16.5,28.62,26.66,24.76,20.8,18.84,16.68,18.23,21.09,24.89,27.29,28.53,28.89,23.77
ALLSKY_SFC_SW_DWN,2016,-22.5,17.5,26.95,25.78,23.97,20.59,18.72,16.63,18.27,21.21,24.64,27.01,27.81,27.55,23.26
ALLSKY_SFC_SW_DWN,2016,-22.5,18.5,26.62,26.44,23.38,20.92,18.73,16.56,17.87,21.16,24.57,27.28,27.24,27.44,23.18
ALLSKY_SFC_SW_DWN,2016,-22.5,19.5,26.21,26.6,22.81,20.3,18.78,16.66,17.89,21.09,24.62,27.34,27.08,27.01,23.02
ALLSKY_SFC_SW_DWN,2016,-22.5,20.5,26.12,26.55,22.67,19.62,18.61,16.45,17.76,20.83,24.12,27.22,27.35,27.28,22.87
ALLSKY_SFC_SW_DWN,2016,-22.5,21.5,25.37,26.24,22.75,19.51,18.41,16.36,17.77,20.77,24.02,27.03,27.24,26.67,22.67
ALLSKY_SFC_SW_DWN,2016,-22.5,22.5,25.26,25.52,22.13,19.45,18.13,16.15,17.43,20.74,23.6,26.32,26.04,25.64,22.19
ALLSKY_SFC_SW_DWN,2016,-22.5,23.5,25.96,25.44,21.44,19.73,18.19,16.33,17.38,21.07,23.43,26.28,26.08,25.29,22.21
ALLSKY_SFC_SW_DWN,2016,-22.5,24.5,25.94,25.18,21.29,20.04,18.1,16.29,17.41,21.2,23.25,26.36,25.6,25.19,22.15
ALLSKY_SFC_SW_DWN,2016,-22.5,25.5,25.94,25.06,21.26,20.02,18.04,16.31,17.49,21.26,23.5,26.24,25.66,24.93,22.13
ALLSKY_SFC_SW_DWN,2016,-22.5,26.5,25.8,23.77,20.87,19.26,17.47,15.27,16.94,20.97,22.87,25.74,25.11,24.17,21.52
ALLSKY_SFC_SW_DWN,2016,-23.5,16.5,29.11,27.69,25.22,21.02,18.48,16.17,17.99,21.07,25.1,27.4,29.44,30.46,24.09
ALLSKY_SFC_SW_DWN,2016,-23.5,17.5,28.1,27.14,24.77,20.97,18.24,15.98,17.67,20.8,24.67,27.42,28.82,30.16,23.72
ALLSKY_SFC_SW_DWN,2016,-23.5,18.5,28.02,27.31,24.35,21.12,18.33,16.14,17.59,20.77,24.55,27.92,28.65,29.64,23.69
ALLSKY_SFC_SW_DWN,2016,-23.5,19.5,27.06,27.66,24.25,21.03,18.39,16.39,17.75,20.94,24.81,28.19,28.01,28.79,23.59
ALLSKY_SFC_SW_DWN,2016,-23.5,20.5,26.83,26.51,23.96,19.92,18,16.2,17.53,20.56,24.7,27.98,27.98,27.84,23.16
ALLSKY_SFC_SW_DWN,2016,-23.5,21.5,25.72,26.42,23.16,19.26,17.78,16.12,17.52,20.53,24.58,27.69,27.68,26.93,22.77
ALLSKY_SFC_SW_DWN,2016,-23.5,22.5,25.59,26.25,22.78,19.22,17.37,15.9,17.36,20.64,23.99,27.13,26.98,26.24,22.44
ALLSKY_SFC_SW_DWN,2016,-23.5,23.5,26.13,25.78,21.89,19.6,17.39,15.79,17.17,20.49,23.48,27.01,27.07,26.3,22.33
ALLSKY_SFC_SW_DWN,2016,-23.5,24.5,26.5,25.72,21.42,19.53,17.4,15.79,17.23,20.72,23.36,26.94,26.92,26.43,22.32
ALLSKY_SFC_SW_DWN,2016,-23.5,25.5,25.97,24.87,21.44,19.53,17.24,15.67,17.22,20.82,23.38,26.15,26.52,26.13,22.07
ALLSKY_SFC_SW_DWN,2016,-23.5,26.5,26.3,24.55,21.34,19.24,16.75,15.01,16.92,20.68,22.6,25.24,25.59,24.19,21.53
ALLSKY_SFC_SW_DWN,2016,-24.5,16.5,29.19,28.12,25.07,20.7,18.12,15.63,17.51,20.58,24.57,27.73,29.88,30.83,23.99
ALLSKY_SFC_SW_DWN,2016,-24.5,17.5,28.73,27.94,24.62,20.9,17.94,15.55,17.23,20.47,24.42,27.6,29.55,30.61,23.79
ALLSKY_SFC_SW_DWN,2016,-24.5,18.5,28.7,27.82,24.78,20.82,17.87,15.88,17.19,20.45,24.47,27.84,29.56,30.66,23.83
ALLSKY_SFC_SW_DWN,2016,-24.5,19.5,28.11,27.48,24.65,20.38,17.83,15.96,17.08,20.24,24.37,28.09,28.86,29.79,23.56
ALLSKY_SFC_SW_DWN,2016,-24.5,20.5,27.38,27.54,24.48,19.95,17.57,15.75,17.12,20.25,24.3,28.12,28.61,29.74,23.39
ALLSKY_SFC_SW_DWN,2016,-24.5,21.5,26.54,26.76,24.26,19.3,17.09,15.76,17.06,20.1,24.31,27.9,28.69,28.59,23.02
ALLSKY_SFC_SW_DWN,2016,-24.5,22.5,25.7,26.85,23.43,19.1,16.69,15.47,16.82,20.06,23.65,27.12,27.69,27.12,22.46
ALLSKY_SFC_SW_DWN,2016,-24.5,23.5,26.39,26.81,23.04,19.49,16.68,15.51,16.88,20.64,23.35,26.97,27.37,26.57,22.46
ALLSKY_SFC_SW_DWN,2016,-24.5,24.5,26.9,26.06,22.33,19.35,16.66,15.36,16.8,20.45,23.03,26.79,27.18,26.38,22.27
ALLSKY_SFC_SW_DWN,2016,-24.5,25.5,26.31,24.78,21.78,18.92,16.13,14.76,16.62,20.37,22.66,26.1,26.83,25.36,21.71
ALLSKY_SFC_SW_DWN,2016,-24.5,26.5,26.74,25.04,21.27,19.17,16.03,14.45,16.38,20.3,22.36,25.44,25.91,24.87,21.49
ALLSKY_SFC_SW_DWN,2017,-22.5,16.5,26.86,24.55,24.08,20.86,18.27,16.86,18.16,21.15,23.28,27.49,29.23,29.6,23.37
ALLSKY_SFC_SW_DWN,2017,-22.5,17.5,26.11,23.38,22.92,18.92,18.18,16.71,18.15,21.16,23.03,26.58,27.52,27.82,22.54
ALLSKY_SFC_SW_DWN,2017,-22.5,18.5,25.55,22.71,23.32,17.75,18.31,16.55,18.05,21.07,23.14,26.01,27.15,27.19,22.24
ALLSKY_SFC_SW_DWN,2017,-22.5,19.5,24.08,21.26,23.51,18.24,18.44,16.49,17.69,20.75,23.3,26.13,27.15,26.8,22
ALLSKY_SFC_SW_DWN,2017,-22.5,20.5,23.05,21.63,23.8,18.73,18.61,16.16,17.55,20.41,23.46,26.04,28.07,27.27,22.07
ALLSKY_SFC_SW_DWN,2017,-22.5,21.5,22.04,21.29,24.09,18.95,18.46,16.15,17.48,19.85,23.42,25.74,28.51,26.8,21.91
ALLSKY_SFC_SW_DWN,2017,-22.5,22.5,20.67,20.8,24.28,19.07,18.33,15.88,17.14,19.4,22.95,24.91,28.66,26.55,21.56
ALLSKY_SFC_SW_DWN,2017,-22.5,23.5,21.52,21.66,24.05,18.59,18.18,15.82,17.11,19.43,22.51,24.14,28.09,26.99,21.51
ALLSKY_SFC_SW_DWN,2017,-22.5,24.5,22.42,21.72,23.67,18.91,18.1,15.77,17.05,19.45,22.51,24.67,27.86,26.57,21.56
ALLSKY_SFC_SW_DWN,2017,-22.5,25.5,22.68,20.93,23.6,19,17.83,15.75,17.1,19.49,22.97,24.17,27.46,25.58,21.39
ALLSKY_SFC_SW_DWN,2017,-22.5,26.5,21.94,19.56,22.76,18.86,17.24,15.59,16.69,19.23,22.46,22.78,26.72,24.57,20.71
ALLSKY_SFC_SW_DWN,2017,-23.5,16.5,28.09,25.87,24.15,20.06,17.84,16.41,17.72,21.03,23.54,28.39,30.53,31.35,23.74
ALLSKY_SFC_SW_DWN,2017,-23.5,17.5,27.77,26.45,24.26,19.16,17.63,16.18,17.44,20.87,23.16,27.13,29.22,30.32,23.29
ALLSKY_SFC_SW_DWN,2017,-23.5,18.5,27.62,25.14,24.15,18.63,18.02,16.24,17.52,21.03,23.61,26.86,29,29.51,23.11
ALLSKY_SFC_SW_DWN,2017,-23.5,19.5,26.25,23.44,24.14,18.62,18.35,16.21,17.58,20.91,23.78,26.93,28.77,28.55,22.8
ALLSKY_SFC_SW_DWN,2017,-23.5,20.5,24.47,22.04,24.3,18.43,18.33,15.89,17.33,20.19,23.76,26.89,29.28,27.82,22.4
ALLSKY_SFC_SW_DWN,2017,-23.5,21.5,23.41,21.25,24.08,18.39,18.25,15.8,17.17,19.81,23.7,26.85,29.41,27.83,22.18
ALLSKY_SFC_SW_DWN,2017,-23.5,22.5,22.8,20.58,24.24,18.42,17.83,15.58,16.89,19.64,23.43,26.14,29.01,27.49,21.85
ALLSKY_SFC_SW_DWN,2017,-23.5,23.5,22.6,20.57,24.23,18.61,17.64,15.54,16.78,19.47,23.15,25.61,28.93,27.46,21.73
ALLSKY_SFC_SW_DWN,2017,-23.5,24.5,22.71,20.43,24.38,18.65,17.39,15.62,16.76,19.34,22.92,25.41,28.94,27.54,21.69
ALLSKY_SFC_SW_DWN,2017,-23.5,25.5,22.22,19.9,23.82,18.23,16.64,15.47,16.53,19.22,22.71,24.59,28.14,26.29,21.16
ALLSKY_SFC_SW_DWN,2017,-23.5,26.5,22,19.08,23.47,17.99,16.56,15.35,16.33,18.94,22.24,23.52,27.09,25.05,20.65
ALLSKY_SFC_SW_DWN,2017,-24.5,16.5,28.31,26.2,23.91,19.49,17.5,16,17.27,20.68,23.29,28.44,30.95,31.75,23.64
ALLSKY_SFC_SW_DWN,2017,-24.5,17.5,28,26.28,23.94,19.35,17.47,15.83,17.02,20.51,23.18,28.02,30.28,31.26,23.42
ALLSKY_SFC_SW_DWN,2017,-24.5,18.5,28.49,26.07,24.11,19.29,17.62,15.79,17.01,20.65,23.56,27.41,29.98,31.11,23.42
ALLSKY_SFC_SW_DWN,2017,-24.5,19.5,27.74,24.53,24.13,19.04,17.7,15.64,16.97,20.45,23.63,27.17,29.39,29.92,23.02
ALLSKY_SFC_SW_DWN,2017,-24.5,20.5,27.16,23.71,24.14,18.91,17.73,15.48,16.92,19.91,23.56,27.09,29.55,29.5,22.81
ALLSKY_SFC_SW_DWN,2017,-24.5,21.5,25.58,22.93,24.28,18.59,17.79,15.26,16.82,19.59,23.58,27.23,29.61,28.84,22.51
ALLSKY_SFC_SW_DWN,2017,-24.5,22.5,24.47,21.35,24.44,18.26,17.46,15.08,16.54,19.33,23.14,26.61,28.83,28.4,22
ALLSKY_SFC_SW_DWN,2017,-24.5,23.5,23.68,21.36,24.63,18.56,16.88,15.2,16.54,19.34,22.92,26.26,29.07,28.08,21.89
ALLSKY_SFC_SW_DWN,2017,-24.5,24.5,23.24,20.23,24.5,18.48,16.92,15.47,16.45,19.29,22.82,25.44,29.41,27.28,21.64
ALLSKY_SFC_SW_DWN,2017,-24.5,25.5,22.44,18.62,23.5,17.61,16.5,15.16,16.23,18.87,22.17,24.65,28.78,25.9,20.89
ALLSKY_SFC_SW_DWN,2017,-24.5,26.5,22.99,19.23,23.38,17.83,16.35,14.94,15.87,18.67,21.79,23.98,28.2,25,20.7
ALLSKY_SFC_SW_DWN,2018,-22.5,16.5,28.72,26.85,23.63,20.5,18.68,17.43,17.29,20.52,23.89,26.77,29.62,29.43,23.59
ALLSKY_SFC_SW_DWN,2018,-22.5,17.5,27.86,25.93,21.96,19.6,18.68,17.41,17.09,20.59,24.05,25.71,29.09,27.95,22.97
ALLSKY_SFC_SW_DWN,2018,-22.5,18.5,27.9,25.95,22.31,19.56,18.31,17.38,16.72,20.21,23.98,25.78,28.49,28.01,22.86
ALLSKY_SFC_SW_DWN,2018,-22.5,19.5,27.79,25.94,22.5,18.93,18.34,17.24,16.21,20.15,23.87,26.35,28.79,27.72,22.8
ALLSKY_SFC_SW_DWN,2018,-22.5,20.5,27.69,25.44,22.61,19.2,18.35,16.92,15.89,19.68,23.77,26.36,29.41,28.03,22.76
ALLSKY_SFC_SW_DWN,2018,-22.5,21.5,27.65,25.15,22.57,20.01,18.15,16.87,15.91,19.52,23.73,26.36,29.01,27.58,22.69
ALLSKY_SFC_SW_DWN,2018,-22.5,22.5,27.59,23.75,22.27,20.05,17.58,16.65,16.01,19.21,23.25,26.62,28.32,27.17,22.37
ALLSKY_SFC_SW_DWN,2018,-22.5,23.5,27.74,22.64,22.44,20.74,17.46,16.75,16.26,19.42,23.26,26.48,28.5,27.66,22.45
ALLSKY_SFC_SW_DWN,2018,-22.5,24.5,28.16,21.53,21.76,20.54,17.19,16.79,16.08,19.51,23.21,26.31,28.35,27.48,22.25
ALLSKY_SFC_SW_DWN,2018,-22.5,25.5,27.79,19.68,21.32,20.1,17.04,16.86,15.88,19.62,23.67,26.61,28.09,26.35,21.93
ALLSKY_SFC_SW_DWN,2018,-22.5,26.5,26.68,18.35,20.24,19.02,16.73,16.77,14.84,19.36,23.8,26.17,26.76,24.73,21.14
ALLSKY_SFC_SW_DWN,2018,-23.5,16.5,30.01,27.72,24.19,19.93,18.35,17,16.68,20.67,23.77,26.55,30.58,30.42,23.8
ALLSKY_SFC_SW_DWN,2018,-23.5,17.5,29.42,27.5,23.79,19.88,18.31,16.78,16.38,20.53,23.51,26.19,30.22,30.05,23.52
ALLSKY_SFC_SW_DWN,2018,-23.5,18.5,29.82,27.41,24.01,19.84,18.22,16.81,16.38,20.42,23.81,26.37,30.16,29.83,23.57
ALLSKY_SFC_SW_DWN,2018,-23.5,19.5,29.5,26.84,23.66,19.31,18.22,16.82,16.3,20.39,23.86,26.43,29.68,29.54,23.36
ALLSKY_SFC_SW_DWN,2018,-23.5,20.5,28.88,25.79,23.2,18.96,18.09,16.51,15.83,20,23.93,26.32,30.02,29.04,23.03
ALLSKY_SFC_SW_DWN,2018,-23.5,21.5,28.18,25.45,22.94,18.96,17.95,16.42,15.66,19.76,24.13,26.15,30.04,28.74,22.85
ALLSKY_SFC_SW_DWN,2018,-23.5,22.5,27.32,24.96,22.62,19.19,17.72,16.35,15.73,19.42,23.75,26.07,29.19,27.81,22.49
ALLSKY_SFC_SW_DWN,2018,-23.5,23.5,27.15,23.75,22.25,19.24,17.42,16.4,15.76,19.4,23.41,26.3,28.56,27.74,22.27
ALLSKY_SFC_SW_DWN,2018,-23.5,24.5,28.18,22.54,21.96,19.51,17.18,16.42,15.62,19.65,23.61,26.62,28.46,27.56,22.28
ALLSKY_SFC_SW_DWN,2018,-23.5,25.5,27.85,20.88,21.35,19.19,16.84,16.43,15.15,19.72,23.4,26.64,27.63,26.54,21.81
ALLSKY_SFC_SW_DWN,2018,-23.5,26.5,27.74,19.87,20.96,18.66,16.46,16.25,15.03,19.43,23.53,25.99,26.56,25.33,21.33
ALLSKY_SFC_SW_DWN,2018,-24.5,16.5,30.18,28.1,24.95,19.56,17.81,16.43,16.1,20.45,23.94,26.33,31.16,31.32,23.84
ALLSKY_SFC_SW_DWN,2018,-24.5,17.5,30.26,27.62,24.74,19.35,17.86,16.35,15.91,20.22,23.38,26.13,30.86,30.98,23.62
ALLSKY_SFC_SW_DWN,2018,-24.5,18.5,30.31,27.38,24.46,19.48,17.92,16.37,16.05,20.13,23.31,26.53,30.93,30.95,23.63
ALLSKY_SFC_SW_DWN,2018,-24.5,19.5,29.93,27.04,24.35,19.4,17.94,16.32,15.81,19.9,23.23,26.28,30.78,30.17,23.41
ALLSKY_SFC_SW_DWN,2018,-24.5,20.5,29.74,26.78,24.1,19.12,17.57,16.04,15.63,19.43,23.44,26.86,31.08,30.14,23.31
ALLSKY_SFC_SW_DWN,2018,-24.5,21.5,29.41,25.63,23.71,18.29,17.47,15.86,15.46,19.4,23.68,26.58,30.83,29.35,22.96
ALLSKY_SFC_SW_DWN,2018,-24.5,22.5,28.68,25.37,23.27,17.97,17.33,15.74,15.46,19.02,23.36,26.31,29.96,28.25,22.55
ALLSKY_SFC_SW_DWN,2018,-24.5,23.5,28.16,24.99,23.07,18.34,17.36,15.98,15.53,19.28,22.98,26.42,29.1,28.13,22.43
ALLSKY_SFC_SW_DWN,2018,-24.5,24.5,28.45,23.69,22.56,18.93,17.17,16.07,15.36,19.32,23.1,26.47,28.46,27.71,22.27
ALLSKY_SFC_SW_DWN,2018,-24.5,25.5,27.95,21.48,21.11,18.04,16.52,15.94,14.91,19.31,23.22,26.11,27.76,26.71,21.59
ALLSKY_SFC_SW_DWN,2018,-24.5,26.5,27.42,20.39,21.09,18.09,16.16,15.66,15.06,19.09,23.08,25.72,27.26,26.18,21.28
ALLSKY_SFC_SW_DWN,2019,-22.5,16.5,30.41,26.4,23,21.9,18.42,17.31,18.31,20.74,25.53,27.17,29.62,26.61,23.77
ALLSKY_SFC_SW_DWN,2019,-22.5,17.5,29.23,25.41,21.77,21.29,18.33,17.29,18.3,20.96,25.62,27.27,28.35,24.97,23.22
ALLSKY_SFC_SW_DWN,2019,-22.5,18.5,28.76,25.8,22.37,21.16,18.26,17.17,18.08,20.87,25.26,27.54,28.3,24.91,23.19
ALLSKY_SFC_SW_DWN,2019,-22.5,19.5,28.92,25.91,23.06,20.92,18.19,17.15,18.03,20.88,25.39,27.37,28.02,24.03,23.14
ALLSKY_SFC_SW_DWN,2019,-22.5,20.5,28.96,25.37,23.27,20.57,18.45,16.95,17.99,20.28,25.24,27.44,27.35,24.56,23.02
ALLSKY_SFC_SW_DWN,2019,-22.5,21.5,28.54,25.21,23.94,20.41,18.62,16.72,17.76,20.06,25.21,27.32,27.2,24.34,22.93
ALLSKY_SFC_SW_DWN,2019,-22.5,22.5,28.21,24.74,24.17,19.99,18.45,16.68,17.64,19.75,24.91,26.96,26.73,25.33,22.79
ALLSKY_SFC_SW_DWN,2019,-22.5,23.5,28.33,25.25,24.86,19.71,18.48,16.76,17.81,19.91,24.57,26.77,26.71,25.18,22.85
ALLSKY_SFC_SW_DWN,2019,-22.5,24.5,27.94,24.94,24.98,19.53,18.47,16.56,17.78,20.06,24.35,26.58,26.63,25.3,22.75
ALLSKY_SFC_SW_DWN,2019,-22.5,25.5,26.61,24.15,24.82,18.8,18.66,16.52,17.96,20.25,24.54,26.14,26.41,25.59,22.54
ALLSKY_SFC_SW_DWN,2019,-22.5,26.5,25.08,23.18,24.46,18.34,18.63,16.14,17.93,19.92,23.86,25.48,26.28,25.03,22.03
ALLSKY_SFC_SW_DWN,2019,-23.5,16.5,32,27.08,23.78,22.1,17.93,16.91,17.87,20.65,25.32,26.97,30.06,28.24,24.06
ALLSKY_SFC_SW_DWN,2019,-23.5,17.5,31.14,26.54,23.49,21.74,17.93,16.59,17.46,20.52,25.18,27.5,29.8,26.67,23.69
ALLSKY_SFC_SW_DWN,2019,-23.5,18.5,30.76,27.01,23.98,21.4,17.96,16.56,17.54,20.47,24.89,27.81,29.95,26.28,23.7
ALLSKY_SFC_SW_DWN,2019,-23.5,19.5,30.19,27.04,24.08,21.27,18.02,16.57,17.72,20.65,25.23,27.87,29.44,25.68,23.63
ALLSKY_SFC_SW_DWN,2019,-23.5,20.5,30.09,26.21,24.49,20.88,17.97,16.45,17.5,20.11,25.06,27.99,28.82,24.83,23.35
ALLSKY_SFC_SW_DWN,2019,-23.5,21.5,29.67,26.02,24.4,20.58,18.12,16.51,17.64,19.94,25.32,28,28.22,24.48,23.23
ALLSKY_SFC_SW_DWN,2019,-23.5,22.5,29.73,25.45,24.48,19.83,18.08,16.3,17.45,19.79,25.13,27.79,27.95,24.23,23.01
ALLSKY_SFC_SW_DWN,2019,-23.5,23.5,29.35,24.97,24.96,19.6,18.02,16.18,17.34,19.64,24.81,27.52,27.67,24.75,22.89
ALLSKY_SFC_SW_DWN,2019,-23.5,24.5,28.76,24.76,24.84,19.44,18.01,16.29,17.45,20,24.5,27.27,27.51,25.16,22.83
ALLSKY_SFC_SW_DWN,2019,-23.5,25.5,27.08,23.58,24.5,18.74,17.99,16.24,17.47,19.97,24.19,26.5,27.19,25.17,22.38
ALLSKY_SFC_SW_DWN,2019,-23.5,26.5,26.83,22.74,24.42,17.93,17.85,16.09,17.43,19.7,23.57,26.13,26.59,24.86,22.02
ALLSKY_SFC_SW_DWN,2019,-24.5,16.5,32.44,27.77,24.51,22.22,17.45,16.39,17.39,20.43,24.72,27.42,29.98,28.9,24.11
ALLSKY_SFC_SW_DWN,2019,-24.5,17.5,32.1,27.63,24.33,21.93,17.6,16.22,16.97,20.28,24.89,27.61,30.05,28.14,23.96
ALLSKY_SFC_SW_DWN,2019,-24.5,18.5,31.75,27.76,24.71,21.6,17.67,16.16,16.94,20.24,24.79,27.48,30.48,27.94,23.94
ALLSKY_SFC_SW_DWN,2019,-24.5,19.5,31.19,27.02,24.67,21.37,17.69,16.17,17.12,20.1,24.66,27.58,30.46,26.86,23.72
ALLSKY_SFC_SW_DWN,2019,-24.5,20.5,31.12,26.64,25.16,21.04,17.6,16.12,17.16,19.79,24.72,27.76,30.21,25.85,23.58
ALLSKY_SFC_SW_DWN,2019,-24.5,21.5,30.82,26.07,25.26,20.65,17.65,16.07,17.18,19.65,24.96,27.97,29.93,25.03,23.42
ALLSKY_SFC_SW_DWN,2019,-24.5,22.5,29.97,25.07,24.66,19.32,17.64,15.75,16.98,19.37,24.58,27.8,28.69,24.51,22.85
ALLSKY_SFC_SW_DWN,2019,-24.5,23.5,30.11,24.59,24.63,19.37,17.64,15.97,17.07,19.68,24.4,27.74,28.14,24.81,22.84
ALLSKY_SFC_SW_DWN,2019,-24.5,24.5,29.54,24.31,24.77,19.42,17.43,15.83,16.99,19.52,23.88,27.41,27.38,24.52,22.58
ALLSKY_SFC_SW_DWN,2019,-24.5,25.5,27.97,23.36,24.27,18.06,17.44,15.86,17.1,19.53,23.55,26.48,27.51,23.37,22.04
ALLSKY_SFC_SW_DWN,2019,-24.5,26.5,27.34,22.87,24.23,17.38,17.27,15.68,16.98,19.26,23.24,26.27,27.24,22.86,21.72
ALLSKY_SFC_SW_DWN,2020,-22.5,16.5,28.92,23.84,24.55,21.37,18.91,17.1,18.22,21.04,24.81,26.76,30.14,29.38,23.76
ALLSKY_SFC_SW_DWN,2020,-22.5,17.5,28.91,21.98,23.11,20.81,19.01,17.14,18.24,21.1,24.66,26.67,28.85,28.78,23.28
ALLSKY_SFC_SW_DWN,2020,-22.5,18.5,28.99,22.37,22.66,20.57,18.99,17.14,18.16,20.93,24.5,26.45,28.72,27.83,23.12
ALLSKY_SFC_SW_DWN,2020,-22.5,19.5,28.37,22.11,21.93,20.57,19.05,17.14,17.97,20.85,24.29,26.5,28.19,27.63,22.89
ALLSKY_SFC_SW_DWN,2020,-22.5,20.5,27.52,22.71,21.55,20.25,19.08,16.95,17.89,20.43,23.84,25.75,27.24,27.54,22.57
ALLSKY_SFC_SW_DWN,2020,-22.5,21.5,26.57,22.82,21.28,20.09,19.04,16.86,17.93,20.21,23.7,25.97,26.51,27.37,22.37
ALLSKY_SFC_SW_DWN,2020,-22.5,22.5,26.16,22.97,20.86,19.86,18.86,16.6,17.77,19.92,23.29,25.69,25.66,25.39,21.92
ALLSKY_SFC_SW_DWN,2020,-22.5,23.5,25.32,23.9,21.07,19.11,18.93,16.75,17.89,19.95,22.55,25.91,24.6,25.28,21.77
ALLSKY_SFC_SW_DWN,2020,-22.5,24.5,24.51,23.89,21.55,18.8,18.93,16.72,17.86,20.01,22.45,25.72,23.43,24.67,21.55
ALLSKY_SFC_SW_DWN,2020,-22.5,25.5,24.46,24.07,21.34,18.67,18.99,16.53,17.92,19.49,22.47,25.54,23.33,23.29,21.34
ALLSKY_SFC_SW_DWN,2020,-22.5,26.5,23.14,23.63,20.94,18.24,18.84,16.03,17.45,18.57,21.29,24.31,22.54,20.72,20.47
ALLSKY_SFC_SW_DWN,2020,-23.5,16.5,30.1,24.06,24.35,20.95,18.53,16.84,17.87,21.22,25.14,26.86,31.23,30.23,23.95
ALLSKY_SFC_SW_DWN,2020,-23.5,17.5,29.75,23.98,23.98,20.88,18.35,16.57,17.53,21,24.66,26.73,30.16,29.93,23.63
ALLSKY_SFC_SW_DWN,2020,-23.5,18.5,29.61,24.09,24,21.02,18.51,16.72,17.54,21.05,24.55,26.91,29.68,29.16,23.57
ALLSKY_SFC_SW_DWN,2020,-23.5,19.5,29.47,23.87,23.25,20.86,18.65,16.72,17.69,20.93,24.62,26.65,29.02,28.93,23.39
ALLSKY_SFC_SW_DWN,2020,-23.5,20.5,28.7,23.02,22.37,20.17,18.57,16.59,17.6,20.42,24.24,26.38,28.48,28.69,22.94
ALLSKY_SFC_SW_DWN,2020,-23.5,21.5,27.15,22.42,21.7,19.78,18.55,16.54,17.61,20.23,23.95,26.09,27.77,28.33,22.51
ALLSKY_SFC_SW_DWN,2020,-23.5,22.5,26.76,22.75,21.61,19.65,18.5,16.53,17.63,20.27,23.71,25.63,27.07,26.96,22.26
ALLSKY_SFC_SW_DWN,2020,-23.5,23.5,25.89,23.38,21.48,19.06,18.5,16.51,17.57,19.99,23.35,25.49,26.15,26.03,21.95
ALLSKY_SFC_SW_DWN,2020,-23.5,24.5,25.86,23.35,21.22,18.99,18.47,16.46,17.66,19.94,23.18,25.34,25.25,25.83,21.8
ALLSKY_SFC_SW_DWN,2020,-23.5,25.5,25.07,23.43,21.19,18.43,18.39,16.1,17.56,19.5,22.15,24.54,24.39,23.86,21.22
ALLSKY_SFC_SW_DWN,2020,-23.5,26.5,23.94,23.39,21.4,17.65,18.31,15.8,17.13,18.61,21.25,23.9,23.13,21.14,20.47
ALLSKY_SFC_SW_DWN,2020,-24.5,16.5,30.56,25.29,24.27,20.94,18.04,16.34,17.31,20.81,24.99,26.67,31.76,30.47,23.95
ALLSKY_SFC_SW_DWN,2020,-24.5,17.5,30.12,24.56,24.15,20.75,17.97,16.21,17.04,20.64,24.71,26.88,31.07,30.22,23.69
ALLSKY_SFC_SW_DWN,2020,-24.5,18.5,30.31,25.03,23.94,20.74,18.02,16.19,17,20.55,24.35,26.97,30.27,30.1,23.62
ALLSKY_SFC_SW_DWN,2020,-24.5,19.5,29.75,24.35,23.43,20.62,18.06,16.25,17.18,20.49,24.47,26.53,29.68,29.57,23.37
ALLSKY_SFC_SW_DWN,2020,-24.5,20.5,29.65,25.06,23.19,20.41,18,16.1,17.21,20.2,23.96,26.31,29.48,29.27,23.23
ALLSKY_SFC_SW_DWN,2020,-24.5,21.5,28.77,24.02,21.98,19.63,18.02,16.1,17.22,20.11,23.71,26.18,28.59,29.02,22.78
ALLSKY_SFC_SW_DWN,2020,-24.5,22.5,27.15,23.81,20.91,19.06,18.01,16.1,17.22,19.96,23.4,25.3,27.44,27.66,22.17
ALLSKY_SFC_SW_DWN,2020,-24.5,23.5,26.45,23.81,21.01,18.87,18.06,16.19,17.32,20.1,23.24,25.09,27.14,26.73,22
ALLSKY_SFC_SW_DWN,2020,-24.5,24.5,25.92,23.32,20.71,18.51,18.05,16.1,17.28,19.91,22.75,24.94,26.76,26.24,21.71
ALLSKY_SFC_SW_DWN,2020,-24.5,25.5,24.44,22.6,20.28,17.72,17.85,15.74,17.13,19.25,21.4,23.53,24.53,23.46,20.66
ALLSKY_SFC_SW_DWN,2020,-24.5,26.5,24.76,23.15,20.75,17.02,17.7,15.46,16.87,18.8,21.04,22.74,23.21,21.94,20.28
ALLSKY_SFC_SW_DWN,2021,-22.5,16.5,24.66,26.47,23.65,20.94,18.3,16.72,17.91,20.45,24.17,28.4,31.28,31.62,23.7
ALLSKY_SFC_SW_DWN,2021,-22.5,17.5,23.39,25.42,22.95,21.05,18.31,16.72,17.95,20.32,23.85,27.92,30.34,29.82,23.15
ALLSKY_SFC_SW_DWN,2021,-22.5,18.5,23.16,24.44,22.82,21.49,18.38,16.56,17.98,20.04,23.59,27.53,30.05,28.68,22.88
ALLSKY_SFC_SW_DWN,2021,-22.5,19.5,22.53,23.26,22.8,21.48,18.38,16.49,17.79,20.04,23.53,27.03,29.35,27.96,22.55
ALLSKY_SFC_SW_DWN,2021,-22.5,20.5,21.78,21.23,23.37,21.73,18.31,16.31,17.6,19.52,23.34,26.44,28.94,27.32,22.16
ALLSKY_SFC_SW_DWN,2021,-22.5,21.5,21.79,19.1,22.94,21.4,18.37,16.21,17.6,19.43,23.09,26.1,28.21,26.02,21.7
ALLSKY_SFC_SW_DWN,2021,-22.5,22.5,21.98,19.36,22.21,21.17,18.16,15.94,17.3,19.3,22.82,25.42,27.08,24.5,21.28
ALLSKY_SFC_SW_DWN,2021,-22.5,23.5,22.07,20.17,21.94,21.01,18.17,15.83,17.41,19.38,23.03,25.26,25.84,24.21,21.2
ALLSKY_SFC_SW_DWN,2021,-22.5,24.5,22.83,20.85,22.04,21.23,18.15,15.94,17.46,19.53,22.89,25.31,25.99,24.18,21.37
ALLSKY_SFC_SW_DWN,2021,-22.5,25.5,23.22,20.55,22.12,21.26,18.3,16,17.48,19.78,22.85,24.67,24.81,22.7,21.15
ALLSKY_SFC_SW_DWN,2021,-22.5,26.5,21.83,19.65,21.52,21.14,17.82,15.49,16.88,19.31,22.18,22.96,23.91,21.09,20.32
ALLSKY_SFC_SW_DWN,2021,-23.5,16.5,25.98,27.17,24.05,20.41,17.92,16.38,17.47,20.53,24.4,28.77,32.33,32.76,23.99
ALLSKY_SFC_SW_DWN,2021,-23.5,17.5,25.73,26.84,24.2,20.82,17.62,16.3,17.26,20.27,23.82,28.33,31.59,30.8,23.61
ALLSKY_SFC_SW_DWN,2021,-23.5,18.5,24.65,26.04,23.8,21.1,17.72,16.26,17.45,20.12,24.09,27.94,31.4,29.91,23.35
ALLSKY_SFC_SW_DWN,2021,-23.5,19.5,24.03,25.18,23.38,21.47,17.99,16.2,17.48,20.07,24.12,27.66,31.15,28.88,23.12
ALLSKY_SFC_SW_DWN,2021,-23.5,20.5,23.47,23.13,23.23,21.1,18.07,16.01,17.28,19.5,23.63,27.24,30.45,27.73,22.56
ALLSKY_SFC_SW_DWN,2021,-23.5,21.5,22.77,21.54,22.57,20.97,18.15,15.99,17.28,19.18,23.78,26.78,29.56,26.25,22.07
ALLSKY_SFC_SW_DWN,2021,-23.5,22.5,22.71,20.34,22.16,20.66,18.08,15.8,17.21,18.77,23.37,26.44,28.7,25.02,21.61
ALLSKY_SFC_SW_DWN,2021,-23.5,23.5,23.04,20.27,22.11,20.68,18.08,15.69,17.19,18.98,23.15,25.9,27.63,24.64,21.45
ALLSKY_SFC_SW_DWN,2021,-23.5,24.5,23.46,20.56,22.43,20.8,17.97,15.57,17.23,19.01,23.2,25.94,27.33,24.91,21.54
ALLSKY_SFC_SW_DWN,2021,-23.5,25.5,22.58,19.5,21.22,20.52,17.58,15.47,17.1,18.93,22.67,25.34,25.94,23.33,20.86
ALLSKY_SFC_SW_DWN,2021,-23.5,26.5,21.79,19.57,21.53,20.43,17.16,15.16,16.61,18.56,21.89,23.97,24.3,22.02,20.25
ALLSKY_SFC_SW_DWN,2021,-24.5,16.5,26.39,27.69,24.6,20.22,17.44,15.88,17,19.97,24.19,28.86,32.5,33.04,23.96
ALLSKY_SFC_SW_DWN,2021,-24.5,17.5,26.95,26.8,24.68,20.58,17.43,15.82,16.88,19.92,23.89,28.2,32.24,31.78,23.75
ALLSKY_SFC_SW_DWN,2021,-24.5,18.5,26.23,27.02,24.88,20.99,17.49,15.83,16.96,19.87,24.03,28.24,31.9,31.29,23.71
ALLSKY_SFC_SW_DWN,2021,-24.5,19.5,24.94,26.27,24.09,20.94,17.35,15.74,16.93,19.41,23.79,27.89,31.91,29.97,23.25
ALLSKY_SFC_SW_DWN,2021,-24.5,20.5,24.92,24.79,23.84,20.91,17.45,15.5,16.94,19.15,23.3,27.44,31.59,28.96,22.89
ALLSKY_SFC_SW_DWN,2021,-24.5,21.5,24.35,23.29,23.22,20.59,17.62,15.47,16.93,18.9,23.35,27.16,30.77,27.41,22.41
ALLSKY_SFC_SW_DWN,2021,-24.5,22.5,23.98,22.26,22.51,20.1,17.63,15.31,16.8,18.47,23.13,26.45,29.75,25.77,21.84
ALLSKY_SFC_SW_DWN,2021,-24.5,23.5,24.14,21.88,22.78,20.35,17.61,15.38,16.92,18.62,22.86,26.15,28.91,25.07,21.72
ALLSKY_SFC_SW_DWN,2021,-24.5,24.5,23.35,21.19,22.78,20.93,17.69,15.22,16.94,18.76,22.69,26.09,28.61,25.2,21.62
ALLSKY_SFC_SW_DWN,2021,-24.5,25.5,21.6,19.71,21.52,20.42,17.27,14.83,16.64,18.27,21.94,24.98,26.87,23.88,20.67
ALLSKY_SFC_SW_DWN,2021,-24.5,26.5,21.29,19.31,21.38,20.07,17.13,14.63,16.3,17.9,21.49,23.78,25.25,22.91,20.13
ALLSKY_SFC_SW_DWN,2022,-22.5,16.5,27.79,24.22,23.15,21.69,18.73,16.92,17.18,21.01,23.35,25.15,28.5,30.37,23.17
ALLSKY_SFC_SW_DWN,2022,-22.5,17.5,26.75,23.38,21.71,21.31,18.82,16.78,16.77,20.95,23.27,24.63,27.67,28.61,22.55
ALLSKY_SFC_SW_DWN,2022,-22.5,18.5,26.46,24.01,21.5,20.91,18.55,16.49,16.2,20.79,23.79,23.88,26.57,26.95,22.16
ALLSKY_SFC_SW_DWN,2022,-22.5,19.5,25.6,24.41,20.93,20.25,18.51,16.31,16.03,20.7,24.03,23.6,26.73,27.3,22.02
ALLSKY_SFC_SW_DWN,2022,-22.5,20.5,25.28,25.15,20.33,19.8,18.43,15.74,15.87,20.27,24.22,23.67,27.27,26.9,21.89
ALLSKY_SFC_SW_DWN,2022,-22.5,21.5,24.88,25.49,20.17,18.83,18.21,15.36,15.7,20.07,24.17,23.58,26.95,25.97,21.59
ALLSKY_SFC_SW_DWN,2022,-22.5,22.5,24.23,25.49,19.28,17.97,17.75,15.13,15.17,19.68,23.5,23.76,25.63,26.55,21.15
ALLSKY_SFC_SW_DWN,2022,-22.5,23.5,24.13,25.77,19.01,18.07,17.44,15.03,15.38,19.69,23.51,24.19,24.57,25.82,21.02
ALLSKY_SFC_SW_DWN,2022,-22.5,24.5,24.12,25.12,19.7,17.96,17.08,15.24,15.37,19.96,23.32,23.53,23.67,24.95,20.81
ALLSKY_SFC_SW_DWN,2022,-22.5,25.5,23.15,24.5,20.67,17.06,16.91,15.62,15.33,20.44,23.75,23.35,23.53,24.64,20.72
ALLSKY_SFC_SW_DWN,2022,-22.5,26.5,22.53,25.14,20.76,15.82,16.54,15.16,15.38,20.19,23,23.39,21.57,24.36,20.3
ALLSKY_SFC_SW_DWN,2022,-23.5,16.5,28.52,24.3,23.77,21.9,18.26,16.51,16.79,20.51,23.13,25.29,28.56,31.67,23.27
ALLSKY_SFC_SW_DWN,2022,-23.5,17.5,28.1,24.13,23.14,21.34,18.03,16.38,16.27,20.34,22.8,24.93,27.83,30.16,22.78
ALLSKY_SFC_SW_DWN,2022,-23.5,18.5,27.48,24.12,22.46,21.04,18.16,16.3,16.21,20.41,23.4,25,27.84,29.45,22.65
ALLSKY_SFC_SW_DWN,2022,-23.5,19.5,26.82,24.71,21.88,20.76,18.2,16.1,16.15,20.37,23.81,24.27,27.41,29.17,22.46
ALLSKY_SFC_SW_DWN,2022,-23.5,20.5,25.52,25.13,21.31,20.16,17.97,15.42,15.67,19.87,24,23.75,27.35,28.63,22.04
ALLSKY_SFC_SW_DWN,2022,-23.5,21.5,25.26,25.88,20.19,19.27,17.6,15.03,15.33,19.72,24.16,23.9,26.95,27.41,21.69
ALLSKY_SFC_SW_DWN,2022,-23.5,22.5,24.91,26.25,19.84,18.02,17.13,14.76,14.88,19.61,23.84,23.83,26.4,26.59,21.31
ALLSKY_SFC_SW_DWN,2022,-23.5,23.5,24.67,26.07,19.43,17.97,16.47,14.79,14.83,19.82,23.81,24.23,25.66,26.2,21.13
ALLSKY_SFC_SW_DWN,2022,-23.5,24.5,24.61,25.56,19.67,17.67,16.43,14.84,15.06,19.93,23.62,24.03,24.49,25.59,20.93
ALLSKY_SFC_SW_DWN,2022,-23.5,25.5,23.93,24.95,19.75,17.03,16.35,15.11,14.86,19.99,23.41,23.66,23.68,25.13,20.63
ALLSKY_SFC_SW_DWN,2022,-23.5,26.5,23.36,25.38,19.58,15.63,16.29,14.79,15.17,19.6,22.91,23.24,22.41,24.23,20.19
ALLSKY_SFC_SW_DWN,2022,-24.5,16.5,28.45,24.89,23.85,21.9,17.78,15.72,16.34,19.95,22.73,25,29.04,32.4,23.17
ALLSKY_SFC_SW_DWN,2022,-24.5,17.5,28.49,24.61,23.6,21.44,17.59,15.78,16,19.76,22.55,25.12,28.51,31.4,22.9
ALLSKY_SFC_SW_DWN,2022,-24.5,18.5,28.07,24.59,23.21,21.22,17.76,15.77,15.98,19.85,22.98,25.2,28.56,31.34,22.87
ALLSKY_SFC_SW_DWN,2022,-24.5,19.5,27.43,24.51,22.39,20.51,17.74,15.41,15.59,19.55,23.09,24.44,28.03,30.3,22.41
ALLSKY_SFC_SW_DWN,2022,-24.5,20.5,27.03,26,22.21,20.17,17.34,14.98,15.12,19.33,23.44,24,27.67,29.65,22.22
ALLSKY_SFC_SW_DWN,2022,-24.5,21.5,25.87,26,21.25,19.25,16.81,14.87,14.9,19.17,23.68,24.04,27.14,28.32,21.75
ALLSKY_SFC_SW_DWN,2022,-24.5,22.5,25.25,26.4,19.9,17.71,16.43,14.31,14.45,19.06,23.53,23.63,26.19,27.6,21.17
ALLSKY_SFC_SW_DWN,2022,-24.5,23.5,25.25,26.32,19.37,16.98,16.03,14.19,14.26,19.38,23.57,24.16,25.56,26.91,20.96
ALLSKY_SFC_SW_DWN,2022,-24.5,24.5,25.37,26.06,19.57,17.09,15.78,14.33,14.31,19.54,23.52,24.14,24.86,25.65,20.82
ALLSKY_SFC_SW_DWN,2022,-24.5,25.5,23.69,25.25,19.32,15.96,15.77,14.61,14.57,19.48,23.11,23.51,23.26,24.08,20.19
ALLSKY_SFC_SW_DWN,2022,-24.5,26.5,23.56,25.74,18.84,15.58,16.06,14.47,14.86,19.03,22.52,23.22,22.23,24.1,19.98
