plot no.,s,e,p mg/l,k (mg/l),ca (mg/l),mg (mg/l),exch.acidity (cmol/l),total cations (cmol/l),acidity sat. %,ph(kcl),zn (mg/l),mn (mg/l),cu (mg/l),unnamed: 12,plot no..1,organic c. (%),n (%),clay (%)
TSPLOT 01,-28.57467778,28.89426111,,,,,,,,,,,,,,,,
TSPLOT 02,-28.67843333,28.84252778,,,,,,,,,,,,,,,,
TSPLOT 03,-28.67570556,28.84816667,,,,,,,,,,,,,,,,
TSPLOT 04,-28.65208056,28.83681667,,,,,,,,,,,,,,,,
TSPLOT 05,-28.6558,28.83514722,,,,,,,,,,,,,,,,
TSPLOT 06,-28.6424,28.83442778,,,,,,,,,,,,,,,,
TSPLOT 07,-28.648775,28.82871667,,,,,,,,,,,,,,,,
TSPLOT 08,-28.65738056,28.82570278,,,,,,,,,,,,,,,,
TSPLOT 09,-28.66584167,28.82162222,,,,,,,,,,,,,,,,
TSPLOT 10,-28.67306667,28.816825,,,,,,,,,,,,,,,,
TSPLOT 11,-28.67000278,28.827875,,,,,,,,,,,,,,,,
TSPLOT 12,-28.66611111,28.83373889,,,,,,,,,,,,,,,,
TSPLOT 13,-28.67015556,28.84322778,,,,,,,,,,,,,,,,
TSPLOT 14,-28.67524444,28.84362222,,,,,,,,,,,,,,,,
TSPLOT 15,-28.67561111,28.83904722,,,,,,,,,,,,,,,,
TSPLOT 16,-28.66803889,28.84072778,,,,,,,,,,,,,,,,
TSPLOT 17,-28.66646111,28.85803611,,,,,,,,,,,,,,,,
TSPLOT 18,-28.55922222,28.87216111,,,,,,,,,,,,,,,,
TSPLOT 19,-28.56991111,28.87885278,,,,,,,,,,,,,,,,
TSPLOT 20,-28.56331944,28.8747,,,,,,,,,,,,,,,,
TSPLOT 21,-28.57789722,28.9009,,,,,,,,,,,,,,,,
TSPLOT 22,-28.58187778,28.90394722,,,,,,,,,,,,,,,,
TSPLOT 23,-28.58683333,28.90324444,,,,,,,,,,,,,,,,
TSPLOT 24,-28.59141111,28.90369167,,,,,,,,,,,,,,,,
TSPLOT 25,-28.59255278,28.90943889,,,,,,,,,,,,,,,,
TSPLOT 26,-28.59179167,28.91385833,,,,,,,,,,,,,,,,
TSPLOT 27,-28.58006389,28.88791389,,,,,,,,,,,,,,,,
TSPLOT 28,-28.57943333,28.88278889,,,,,,,,,,,,,,,,
TSPLOT 29,-28.58403889,28.88420278,,,,,,,,,,,,,,,,
TSPLOT 30,-28.58824167,28.88614722,,,,,,,,,,,,,,,,
TSPLOT 31,-28.59006389,28.89086667,,,,,,,,,,,,,,,,
TSPLOT 32,-28.61216111,28.922925,,,,,,,,,,,,,,,,
TSPLOT 33,-28.6125,28.92633611,,,,,,,,,,,,,,,,
TSPLOT 34,-28.60935,28.92959167,,,,,,,,,,,,,,,,
TSPLOT 35,-28.61528056,28.923125,,,,,,,,,,,,,,,,
TSPLOT 36,-28.61633333,28.925125,,,,,,,,,,,,,,,,
TSPLOT 37,-28.61632778,28.91995833,,,,,,,,,,,,,,,,
TSPLOT 38,-28.6194,28.92284167,,,,,,,,,,,,,,,,
TSPLOT 39,-28.62300833,28.91926667,,,,,,,,,,,,,,,,
TSPLOT 40,-28.62585833,28.91634722,,,,,,,,,,,,,,,,
TSPLOT 41,-28.619325,28.90793333,,,,,,,,,,,,,,,,
TSPLOT 42,-28.63841111,28.84742778,,,,,,,,,,,,,,,,
TSPLOT 43,-28.64226667,28.84885278,,,,,,,,,,,,,,,,
TSPLOT 44,-28.65745278,28.86021667,,,,,,,,,,,,,,,,
TSPLOT 45,-28.66183056,28.86056111,,,,,,,,,,,,,,,,
TSPLOT 46,-28.66665556,28.86139167,,,,,,,,,,,,,,,,
TSPLOT 47,-28.66666667,28.86659167,,,,,,,,,,,,,,,,
TSPLOT 48,-28.67020278,28.86969444,,,,,,,,,,,,,,,,
TSPLOT 49,-28.66651944,28.87286111,,,,,,,,,,,,,,,,
TSPLOT 50,-28.66244167,28.86991667,,,,,,,,,,,,,,,,
TSPLOT 51,-28.58989722,28.94160556,,,,,,,,,,,,,,,,
TSPLOT 52,-28.59419167,28.94286389,,,,,,,,,,,,,,,,
TSPLOT 53,-28.59338056,28.926075,,,,,,,,,,,,,,,,
TSPLOT 54,-28.59603611,28.930525,,,,,,,,,,,,,,,,
TSPLOT 55,-28.59728611,28.93436667,,,,,,,,,,,,,,,,
TSPLOT 56,-28.5867,28.92296389,,,,,,,,,,,,,,,,
TSPLOT 57,-28.58666667,28.92831111,,,,,,,,,,,,,,,,
TSPLOT 58,-28.58236111,28.92333611,,,,,,,,,,,,,,,,
TSPLOT 59,-28.59418333,28.94287222,,,,,,,,,,,,,,,,
TSPLOT 60,-28.59829722,28.94578056,,,,,,,,,,,,,,,,
TSPLOT 61,-28.58536389,28.94151667,,,,,,,,,,,,,,,,
TSPLOT 62,-28.58086389,28.914525,,,,,,,,,,,,,,,,
TSPLOT 63,-28.57637778,28.914,,,,,,,,,,,,,,,,
TSPLOT 64,-28.65085,28.87020833,,,,,,,,,,,,,,,,
TSPLOT 65,-28.65421111,28.87265,,,,,,,,,,,,,,,,
TSPLOT 66,-28.65516667,28.87709167,,,,,,,,,,,,,,,,
TSPLOT 67,-28.65214167,28.87430833,,,,,,,,,,,,,,,,
TSPLOT 68,-28.64831111,28.87231111,,,,,,,,,,,,,,,,
TSPLOT 69,-28.65383333,28.87911389,,,,,,,,,,,,,,,,
TSPLOT 70,-28.65113611,28.88230556,,,,,,,,,,,,,,,,
TSPLOT 71,-28.66180833,28.88787222,,,,,,,,,,,,,,,,
TSPLOT 72,-28.66015556,28.89069444,,,,,,,,,,,,,,,,
TSPLOT 73,-28.65743333,28.89290556,,,,,,,,,,,,,,,,
TSPLOT 74,-28.66276667,28.88379722,,,,,,,,,,,,,,,,
TSPLOT 75,-28.66115278,28.87975278,,,,,,,,,,,,,,,,
TSPLOT 76,-28.65837222,28.87790833,,,,,,,,,,,,,,,,
TSPLOT 77,-28.66774722,28.87879167,,,,,,,,,,,,,,,,
TSPLOT 78,-28.65679167,28.88168056,,,,,,,,,,,,,,,,
TSPLOT 79,-28.65208889,28.90516111,,,,,,,,,,,,,,,,
TSPLOT 80,-28.64921944,28.90817778,,,,,,,,,,,,,,,,
TSPLOT 81,-28.645475,28.90667222,,,,,,,,,,,,,,,,
TSPLOT 82,-28.64923056,28.91356111,,,,,,,,,,,,,,,,
TSPLOT 83,-28.65176667,28.90847778,,,,,,,,,,,,,,,,
TSPLOT 84,-28.63906389,28.90705,,,,,,,,,,,,,,,,
TSPLOT 85,-28.6406,28.91103611,,,,,,,,,,,,,,,,
TSPLOT 86,-28.65655556,28.90572778,,,,,,,,,,,,,,,,
TSPLOT 87,-28.65883889,28.90359444,,,,,,,,,,,,,,,,
TSPLOT 88,-28.65704167,28.90105833,,,,,,,,,,,,,,,,
TSPLOT 89,-28.65028611,28.84460278,,,,,,,,,,,,,,,,
TSPLOT 90,-28.66134167,28.85019167,,,,,,,,,,,,,,,,
TSPLOT 01-A,,,6.0,117.0,190.0,52.0,1.69,3.37,50.0,4.08,0.3,5.0,0.7,,TSPLOT 01-A,2.3,0.19,19
TSPLOT 01-B,,,3.0,86.0,120.0,48.0,1.63,2.84,57.0,4.08,0.2,2.0,0.5,,TSPLOT 01-B,<  0.5,0.08,25
TSPLOT 02-A,,,2.0,132.0,366.0,142.0,0.82,4.15,20.0,4.22,0.0,5.0,2.3,,TSPLOT 02-A,2.2,0.16,26
TSPLOT 02-B,,,1.0,79.0,712.0,393.0,0.59,7.58,8.0,4.23,0.2,1.0,0.6,,TSPLOT 02-B,<  0.5,<  0.05,22
TSPLOT 03-A,,,8.0,195.0,352.0,73.0,1.22,4.08,30.0,4.03,0.7,28.0,1.5,,TSPLOT 03-A,2.8,0.2,24
TSPLOT 04-A,,,3.0,151.0,156.0,52.0,1.02,2.61,39.0,4.21,0.3,3.0,1.3,,TSPLOT 04-A,2.4,0.17,23
TSPLOT 04-B,,,1.0,41.0,250.0,164.0,1.37,4.07,34.0,4.1,0.0,1.0,0.9,,TSPLOT 04-B,0.8,0.06,37
TSPLOT 05-A,,,3.0,326.0,733.0,270.0,0.52,7.23,7.0,4.33,1.3,38.0,8.0,,TSPLOT 05-A,4.1,0.27,48
TSPLOT 06-A,,,6.0,88.0,191.0,40.0,1.45,2.96,49.0,4.03,0.4,5.0,1.0,,TSPLOT 06-A,1.6,0.12,16
TSPLOT 07-A,,,4.0,132.0,315.0,103.0,1.89,4.65,41.0,3.89,0.2,21.0,2.2,,TSPLOT 07-A,2.3,0.16,18
TSPLOT 07-B,,,2.0,52.0,134.0,67.0,1.55,2.9,53.0,4.11,0.0,2.0,1.1,,TSPLOT 08-A,< 0.5,<  0.05,25
TSPLOT 08-A,,,1.0,56.0,456.0,214.0,0.47,4.65,10.0,4.29,0.1,29.0,2.4,,TSPLOT 09-A,< 0.5,<  0.05,9
TSPLOT 09-A,,,4.0,175.0,504.0,149.0,0.91,5.1,18.0,4.22,0.5,14.0,1.4,,TSPLOT 10-A,< 0.5,<  0.05,16
TSPLOT 10-A,,,2.0,122.0,1771.0,700.0,0.3,15.25,2.0,4.83,0.6,37.0,4.9,,TSPLOT 10-B,0.5,0.07,10
TSPLOT 10-B,,,1.0,67.0,2593.0,1085.0,0.24,22.28,1.0,5.23,0.8,6.0,5.7,,TSPLOT 11-A,1.6,0.13,13
TSPLOT 11-A,,,3.0,124.0,255.0,72.0,0.82,3.0,27.0,4.16,0.0,5.0,1.2,,TSPLOT 11-B,< 0.5,<  0.05,16
TSPLOT-11-B,,,1.0,43.0,103.0,37.0,0.56,1.49,38.0,4.38,0.0,1.0,0.3,,TSPLOT 11-C,< 0.5,<  0.05,9
TSPLOT 11-C,,,1.0,70.0,423.0,275.0,0.68,5.23,13.0,4.01,0.0,1.0,0.4,,TSPLOT 12-A,0.7,0.07,11
TSPLOT 12-A,,,3.0,152.0,209.0,106.0,0.59,0.89,20.0,4.03,0.1,10.0,0.5,,TSPLOT 12-B,< 0.5,<  0.05,19
TSPLOT 12-B,,,1.0,89.0,137.0,202.0,1.59,4.16,38.0,3.99,0.1,1.0,0.6,,TSPLOT 12-C,< 0.5,<  0.05,17
TSPLOT 12-C,,,1.0,75.0,170.0,180.0,0.88,3.4,26.0,4.03,0.1,1.0,1.0,,TSPLOT 13-A,4.3,0.33,14
TSPLOT 13-A,,,9.0,92.0,366.0,66.0,1.03,3.63,28.0,4.14,0.3,4.0,0.7,,TSPLOT 14-A,1.2,0.1,23
TSPLOT 14-A,,,3.0,186.0,491.0,110.0,0.39,4.22,9.0,4.04,0.4,9.0,1.2,,TSPLOT 14-B,1,0.08,24
TSPLOT 14-B,,,2.0,200.0,447.0,103.0,0.76,4.35,17.0,4.16,0.1,3.0,1.8,,TSPLOT 14-C,0.5,0.05,28
TSPLOT 14-C,,,2.0,239.0,313.0,81.0,0.78,3.62,22.0,4.22,0.0,2.0,1.1,,TSPLOT 15-A,1.1,0.11,14
TSPLOT 15-A,,,3.0,157.0,278.0,83.0,0.87,3.34,26.0,4.1,0.1,9.0,1.2,,TSPLOT 15-B,0.8,0.07,21
TSPLOT 15-B,,,1.0,101.0,204.0,94.0,0.81,2.86,28.0,4.17,0.2,2.0,0.9,,TSPLOT 16-A,1,0.09,13
TSPLOT 15-C,,,2.0,56.0,124.0,85.0,0.72,2.18,33.0,4.25,0.1,1.0,0.6,,TSPLOT 16-B,0.7,0.1,21
TSPLOT 16-A,,,3.0,126.0,244.0,68.0,0.58,2.68,22.0,4.03,0.0,8.0,0.7,,TSPLOT 17-A,0.7,<  0.05,18
TSPLOT 16-B,,,1.0,131.0,191.0,136.0,0.94,3.35,28.0,4.13,0.3,1.0,0.7,,TSPLOT 17-B,<  0.5,<  0.05,26
TSPLOT 17-A,,,2.0,289.0,534.0,203.0,0.31,5.38,6.0,4.26,0.5,9.0,0.7,,TSPLOT 15-C,<  0.5,0.05,21
TSPLOT 17-B,,,2.0,256.0,492.0,223.0,1.93,6.88,28.0,3.96,0.0,4.0,1.1,,TSPLOT 18-A,1.3,0.12,13
TSPLOT 18-A,,,5.0,79.0,541.0,115.0,0.62,4.47,14.0,4.2,0.3,8.0,1.1,,TSPLOT 18-B,<  0.5,<  0.05,23
TSPLOT 18-B,,,3.0,48.0,175.0,50.0,1.13,2.54,45.0,4.22,0.4,1.0,0.2,,TSPLOT 19-A,1.5,0.11,20
TSPLOT 19-A,,,5.0,134.0,340.0,75.0,0.83,3.49,24.0,4.16,0.1,4.0,0.8,,TSPLOT 19-B,<  0.5,<  0.05,32
TSPLOT 19-B,,,2.0,50.0,164.0,61.0,0.87,2.32,38.0,4.25,0.1,1.0,0.3,,TSPLOT 20-A,2.3,0.17,19
TSPLOT 20-A,,,5.0,218.0,370.0,117.0,0.82,4.19,20.0,4.11,0.3,7.0,1.1,,TSPLOT 20-B,< 0.5,<  0.05,33
TSPLOT 20-B,,,3.0,121.0,103.0,68.0,2.32,3.7,63.0,4.15,0.2,1.0,0.2,,TSPLOT 21-A,0.5,0.07,10
TSPLOT 21-A,,,4.0,98.0,152.0,25.0,0.87,2.08,42.0,4.09,0.1,3.0,0.7,,TSPLOT 21-B,<  0.5,<  0.05,14
TSPLOT 21-B,,,3.0,46.0,50.0,10.0,1.4,1.85,76.0,4.17,0.1,1.0,0.5,,TSPLOT 21-C,<  0.5,<  0.05,18
TSPLOT 21-C,,,4.0,57.0,40.0,19.0,1.39,1.89,73.0,4.03,0.1,2.0,0.9,,TSPLOT 22-A,4.1,0.28,35
TSPLOT 22-A,,,12.0,262.0,1140.0,340.0,0.3,9.46,3.0,4.56,3.9,78.0,5.7,,TSPLOT 23-A,4.4,0.26,50
TSPLOT 23-A,,,4.0,296.0,1333.0,509.0,0.7,12.3,6.0,4.26,1.1,37.0,24.9,,TSPLOT 23-B,0.8,0.17,47
TSPLOT 23-B,,,2.0,62.0,2238.0,1065.0,0.29,20.38,1.0,4.53,1.4,20.0,8.3,,TSPLOT 24-A,2.9,0.22,11
TSPLOT 24-A,,,6.0,74.0,81.0,18.0,1.79,2.53,71.0,3.97,0.5,12.0,0.6,,TSPLOT 24-A,1.3,0.14,7
TSPLOT 24-B,,,3.0,30.0,21.0,7.0,1.09,1.33,82.0,4.34,0.2,1.0,0.6,,TSPLOT 24-B,1.2,0.1,17
TSPLOT 25-A,,,9.0,154.0,872.0,275.0,0.93,7.94,12.0,4.21,0.3,9.0,5.5,,TSPLOT 25-A,0.44,0.26,26
TSPLOT 26-A,,,10.0,123.0,137.0,32.0,1.64,2.9,57.0,3.98,0.3,6.0,0.8,,TSPLOT 26-A,2.6,0.19,12
TSPLOT 26-B,,,3.0,64.0,14.0,7.0,1.57,1.86,84.0,4.2,0.1,1.0,0.5,,TSPLOT 26-B,<  0.5,<  0.05,20
TSPLOT 27-A,,,5.0,131.0,269.0,68.0,0.66,2.9,23.0,4.07,0.9,11.0,0.6,,TSPLOT 27-A,1.2,0.11,12
TSPLOT 27-B,,,2.0,71.0,92.0,54.0,1.15,2.24,51.0,4.14,0.4,1.0,0.8,,TSPLOT 27-B,<  0.5,0.06,17
TSPLOT 27-C,,,3.0,44.0,107.0,55.0,0.63,1.73,36.0,4.27,0.3,1.0,0.6,,TSPLOT 27-C,<  0.5,<  0.05,9
TSPLOT 28-A,,,5.0,81.0,169.0,39.0,1.17,2.54,46.0,4.01,0.3,6.0,0.6,,TSPLOT 28-A,1,0.1,10
TSPLOT 29-A,,,2.0,29.0,34.0,36.0,1.37,1.91,72.0,4.18,0.3,1.0,0.1,,TSPLOT 29-AB,< 0.5,<  0.05,17
TSPLOT 30-A,,,2.0,94.0,293.0,79.0,0.4,2.75,15.0,4.25,0.6,20.0,1.3,,TSPLOT 30-A,< 0.5,<  0.05,18
TSPLOT 30-B,,,1.0,54.0,212.0,105.0,0.91,2.97,31.0,4.2,0.2,4.0,1.7,,TSPLOT 30-B,1.1,0.12,30
TSPLOT 31-A,,,2.0,72.0,23.0,41.0,3.42,4.06,84.0,3.97,0.7,3.0,0.9,,TSPLOT 31-A,<  0.5,<  0.05,24
TSPLOT 32-A,,,6.0,68.0,57.0,18.0,1.73,2.34,74.0,3.98,0.6,5.0,0.3,,TSPLOT 32-A,2.3,0.2,5
TSPLOT 32-B,,,3.0,16.0,15.0,12.0,0.99,1.2,82.0,4.45,0.2,1.0,0.1,,TSPLOT 32-B,0.8,0.11,8
TSPLOT 33-A,,,16.0,72.0,85.0,21.0,1.99,2.77,72.0,4.13,0.7,4.0,0.8,,TSPLOT 33-A,3,27,6
TSPLOT 33-B,,,2.0,42.0,93.0,22.0,3.39,4.14,82.0,3.93,0.2,1.0,0.7,,TSPLOT 33-B,< 0.5,<  0.05,16
TSPLOT 34-A,,,2.0,33.0,20.0,0.0,1.0,1.18,84.0,4.41,0.1,1.0,0.2,,TSPLOT 34-A,< 0.5,0.05,11
TSPLOT 34-B,,,12.0,80.0,48.0,10.0,2.09,2.62,80.0,4.04,0.3,2.0,0.6,,TSPLOT 34-B,2.4,0.2,<  5
TSPLOT 34-C,,,1.0,52.0,49.0,7.0,1.04,1.48,71.0,4.36,0.0,1.0,0.4,,TSPLOT 35-A,4.6,0.33,9
TSPLOT 34-D,,,1.0,32.0,31.0,4.0,0.45,0.71,62.0,4.43,0.0,1.0,0.1,,TSPLOT 35-B,2.2,0.14,14
TSPLOT 35-A,,,18.0,106.0,125.0,29.0,2.43,3.56,68.0,4.06,0.6,4.0,0.9,,TSPLOT 35-C,1.6,0.12,14
TSPLOT 35-B,,,3.0,46.0,21.0,8.0,1.34,1.63,82.0,4.38,1.0,1.0,0.3,,TSPLOT 35-D,< 0.5,<  0.05,14
TSPLOT 35-C,,,5.0,58.0,38.0,9.0,1.27,1.68,76.0,4.39,0.1,1.0,0.4,,TSPLOT 36-A,4,0.21,30
TSPLOT 35-D,,,2.0,46.0,81.0,38.0,2.13,2.96,72.0,4.26,0.2,1.0,0.1,,TSPLOT 36-B,3.5,<  0.17,36
TSPLOT 36-A,,,4.0,102.0,669.0,341.0,2.0,8.41,24.0,4.05,0.3,9.0,3.2,,TSPLOT 37-A,1.9,0.16,20
TSPLOT 36-B,,,3.0,70.0,569.0,356.0,2.38,8.33,29.0,4.06,0.2,13.0,3.0,,TSPLOT 38-A,2.3,0.19,20
TSPLOT 37-A,,,3.0,212.0,476.0,169.0,0.32,4.63,7.0,4.12,0.8,9.0,0.9,,TSPLOT 39-A,3.8,0.18,48
TSPLOT 37-B,,,2.0,55.0,211.0,97.0,1.9,3.89,49.0,3.93,0.2,2.0,1.1,,TSPLOT 40-A,3.8,0.16,38
TSPLOT 37-C,,,1.0,46.0,246.0,98.0,1.93,4.08,47.0,3.95,0.1,2.0,0.6,,TSPLOT 40-B,1.2,< 0.05,43
TSPLOT 38-A,,,3.0,212.0,562.0,186.0,0.49,5.37,9.0,4.16,0.1,1.0,1.0,,TSPLOT 40-C,< 0.5,< 0.05,16
TSPLOT 39-A,,,5.0,204.0,571.0,244.0,1.54,6.92,22.0,4.08,0.4,36.0,7.7,,TSPLOT 41-A,2.4,0.16,13
TSPLOT 40 -A,,,3.0,97.0,1513.0,706.0,1.26,14.87,8.0,4.14,0.7,5.0,1.4,,TSPLOT 41-B,1.2,<  0.05,19
TSPLOT 40 -B,,,2.0,34.0,1190.0,498.0,0.54,10.66,5.0,4.41,0.3,3.0,0.7,,TSPLOT 41-C,<  0.5,<  0.05,8
TSPLOT 40 -C,,,2.0,12.0,5136.0,1102.0,0.24,34.97,1.0,4.7,0.4,2.0,0.7,,TSPLOT 41-D,<  0.5,<  0.05,15
TSPLOT 41-A,,,14.0,169.0,176.0,48.0,1.55,3.26,48.0,4.1,0.6,5.0,1.0,,TSPLOT 42-A,1.5,0.14,29
TSPLOT 41-B,,,3.0,92.0,60.0,21.0,1.76,2.47,71.0,4.27,0.2,1.0,0.4,,TSPLOT 42-B,1,0.08,33
TSPLOT 41-C,,,2.0,53.0,211.0,61.0,2.12,3.81,56.0,3.95,0.2,2.0,0.7,,TSPLOT 43-A,1.6,0.15,26
TSPLOT 41-D,,,2.0,105.0,618.0,175.0,2.55,7.84,35.0,3.69,0.5,5.0,1.3,,TSPLOT 43-B,<  0.5,<  0.05,23
TSPLOT 42-A,,,2.0,107.0,865.0,379.0,0.86,8.57,10.0,3.87,0.8,10.0,1.3,,TSPLOT 44-A,<  0.5,<  0.05,13
TSPLOT 42-B,,,1.0,81.0,685.0,322.0,2.63,8.91,30.0,3.89,0.5,1.0,1.2,,TSPLOT 44-B,<  0.5,<  0.05,18
TSPLOT 43-A,,,2.0,175.0,446.0,149.0,0.27,4.17,6.0,4.26,0.5,4.0,0.9,,TSPLOT 45-A,1.5,0.11,18
TSPLOT 43-B,,,2.0,63.0,217.0,117.0,1.22,3.43,36.0,4.06,0.2,2.0,0.9,,TSPLOT 45-B,<  0.5,<  0.05,24
TSPLOT 44-A,,,2.0,234.0,661.0,157.0,0.16,5.35,3.0,4.4,0.2,5.0,0.8,,TSPLOT 46-A,1.3,0.09,24
TSPLOT 44-B,,,3.0,94.0,713.0,264.0,0.88,6.85,13.0,4.18,0.5,1.0,0.5,,TSPLOT 47-A,2.3,0.14,25
TSPLOT 45-A,,,3.0,129.0,504.0,162.0,1.07,5.25,20.0,4.1,0.7,4.0,1.7,,TSPLOT 47-B,<  0.5,<  0.05,33
TSPLOT 45-B,,,3.0,77.0,286.0,137.0,1.14,3.89,29.0,4.23,0.6,1.0,0.8,,TSPLOT 48-A,3.6,0.23,37
TSPLOT 46-A,,,3.0,229.0,478.0,139.0,0.67,4.78,14.0,4.11,0.6,5.0,1.1,,TSPLOT 48-B,2.3,0.15,41
TSPLOT 47-A,,,2.0,73.0,249.0,85.0,1.45,3.58,41.0,4.13,0.6,4.0,2.4,,TSPLOT 48-C,1,0.1,50
TSPLOT 47-B,,,1.0,25.0,96.0,41.0,0.92,1.9,51.0,4.31,0.4,1.0,0.9,,TSPLOT 49-A,3.5,0.2,38
TSPLOT 48-A,,,6.0,381.0,617.0,366.0,0.98,8.05,12.0,4.14,1.1,17.0,5.3,,TSPLOT 49-B,1.8,0.07,42
TSPLOT 48-B,,,4.0,115.0,284.0,117.0,1.78,4.95,36.0,4.1,0.6,14.0,4.3,,TSPLOT 50-A,1.2,0.12,13
TSPLOT 48-C,,,3.0,73.0,722.0,684.0,1.46,10.88,13.0,4.08,0.9,11.0,4.6,,TSPLOT 50-B,0.7,0.07,22
TSPLOT 49-A,,,9.0,268.0,445.0,202.0,1.76,6.33,28.0,4.0,1.0,29.0,5.0,,TSPLOT 50-C,0.5,0.07,25
TSPLOT 49-B,,,2.0,35.0,163.0,122.0,1.99,3.9,51.0,4.11,5.7,6.0,2.8,,TSPLOT 50-D,< 0.5,< 0.05,14
TSPLOT 50-A,,,3.0,158.0,440.0,118.0,0.2,3.77,5.0,4.33,1.4,7.0,1.0,,TSPLOT 51-A,5.7,0.29,44
TSPLOT 50-B,,,3.0,132.0,272.0,167.0,0.53,3.6,15.0,4.25,0.3,1.0,1.4,,TSPLOT 51-B,2.2,0.07,32
TSPLOT 50-C,,,1.0,105.0,183.0,154.0,0.98,3.43,29.0,4.1,0.3,1.0,1.4,,TSPLOT 52-A,0,0,0
TSPLOT 50-D,,,3.0,70.0,231.0,188.0,0.18,3.06,6.0,4.45,0.3,4.0,1.4,,TSPLOT 53-A,0.8,0.08,8
TSPLOT 51-A,,,4.0,283.0,1097.0,366.0,1.41,10.62,13.0,4.1,0.4,11.0,2.4,,TSPLOT 53-B,< 0.5,< 0.05,19
TSPLOT 51-B,,,1.0,97.0,3473.0,1152.0,0.85,27.91,3.0,3.95,0.6,10.0,1.0,,TSPLOT 54-A,3,0.14,22
TSPLOT 52-A,,,,,,,,,,,,,,,TSPLOT 55-A,2.8,0.23,10
TSPLOT 53-A,,,5.0,87.0,144.0,38.0,1.79,3.04,59.0,4.08,0.8,5.0,1.1,,TSPLOT 56-A,3.4,0.29,18
TSPLOT 53-B,,,2.0,51.0,48.0,15.0,1.41,1.9,74.0,4.31,0.2,1.0,0.2,,TSPLOT 57-A,2.4,0.13,28
TSPLOT 54-A,,,3.0,63.0,319.0,186.0,1.69,4.97,34.0,4.11,0.3,4.0,2.3,,TSPLOT 57-B,2.3,0.15,20
TSPLOT 55-A,,,16.0,112.0,109.0,24.0,1.89,2.92,65.0,4.53,0.3,3.0,0.9,,TSPLOT 57 -C,1.6,0.08,22
TSPLOT 56-A,,,3.0,3.45,693.0,147.0,0.3,5.85,5.0,4.43,1.1,23.0,1.5,,TSPLOT 57 -D,<  0.5,<  0.05,28
TSPLOT 57-A,,,3.0,182.0,429.0,146.0,0.9,4.71,19.0,4.13,0.1,15.0,4.4,,TSPLOT 58-A,2.7,0.17,19
TSPLOT 57-B,,,5.0,134.0,119.0,27.0,1.93,3.09,62.0,3.99,0.3,3.0,1.2,,TSPLOT 58-B,1.3,0.07,18
TSPLOT 57-C,,,3.0,81.0,66.0,22.0,1.9,2.62,73.0,4.02,0.1,1.0,1.0,,TSPLOT 58-C,< 0.5,<  0.05,23
TSPLOT 57-D,,,2.0,67.0,40.0,18.0,1.76,2.28,77.0,4.09,0.1,1.0,0.7,,TSPLOT 58-D,< 0.5,<  0.05,25
TSPLOT 58-A,,,8.0,257.0,259.0,90.0,1.18,3.87,30.0,4.14,0.5,6.0,1.5,,TSPLOT 59-A,5.1,0.32,22
TSPLOT 58-B,,,5.0,206.0,117.0,49.0,1.59,3.1,51.0,4.16,0.2,2.0,1.1,,TSPLOT 59-B,1.7,0.1,20
TSPLOT 58-C,,,3.0,131.0,35.0,26.0,1.82,2.54,72.0,4.16,0.1,1.0,0.6,,TSPLOT 60-A,3.1,<  0.05,39
TSPLOT 58-D,,,2.0,97.0,39.0,49.0,3.75,4.6,82.0,3.92,0.3,2.0,1.4,,TSPLOT 61-A,1.6,0.09,17
TSPLOT 59-A,,,13.0,104.0,80.0,39.0,2.82,3.81,74.0,4.02,0.5,9.0,2.0,,TSPLOT 61-B,< 0.5,< 0.05,21
TSPLOT 59-B,,,2.0,24.0,33.0,12.0,1.55,1.87,83.0,4.25,0.1,1.0,1.0,,TSPLOT 62-A,2.2,0.17,20
TSPLOT 60-A,,,3.0,185.0,892.0,340.0,1.7,9.42,18.0,4.07,0.2,10.0,1.1,,TSPLOT 63-A,0.6,<  0.05,11
TSPLOT 61-A,,,10.0,272.0,200.0,56.0,1.56,3.71,42.0,4.06,4.0,77.0,6.2,,TSPLOT 63-B,< 0.5,<  0.05,16
TSPLOT 61-B,,,2.0,84.0,359.0,124.0,1.57,4.6,34.0,4.02,0.4,1.0,0.8,,TSPLOT 63-C,< 0.5,<  0.05,<  5
TSPLOT 62-A,,,2.0,203.0,100.0,58.0,0.74,2.24,33.0,4.23,0.1,3.0,1.0,,TSPLOT 64-A,1,0.1,11
TSPLOT 63-A,,,4.0,107.0,125.0,30.0,1.46,2.6,56.0,4.03,0.1,3.0,1.6,,TSPLOT 64-B,1.3,0.1,12
TSPLOT 63-B,,,2.0,54.0,31.0,6.0,1.61,1.95,82.0,3.98,0.1,1.0,1.4,,TSPLOT 64-C,< 0.5,<  0.05,18
TSPLOT 63-C,,,3.0,21.0,16.0,10.0,0.6,0.82,74.0,4.21,0.1,1.0,0.5,,TSPLOT 65-A,1.5,0.12,16
TSPLOT 64-A,,,3.0,151.0,395.0,60.0,0.68,3.03,22.0,4.45,0.5,6.0,0.7,,TSPLOT 66-A,1.1,0.11,10
TSPLOT 64-B,,,3.0,95.0,235.0,61.0,0.78,2.7,29.0,4.2,0.3,3.0,0.6,,TSPLOT 66-B,< 0.5,<  0.05,9
TSPLOT 64-C,,,2.0,46.0,102.0,34.0,0.98,1.89,52.0,4.21,0.1,1.0,0.4,,TSPLOT 66-C,< 0.5,<  0.05,11
TSPLOT 65-A,,,6.0,154.0,348.0,79.0,0.98,3.76,26.0,3.99,0.5,15.0,0.6,,TSPLOT 67-A,1.9,0.15,10
TSPLOT 66-A,,,4.0,202.0,608.0,115.0,0.39,4.89,8.0,4.4,3.6,6.0,0.5,,TSPLOT 67-B,< 0.5,<  0.05,17
TSPLOT 66-B,,,1.0,89.0,496.0,115.0,0.4,3.95,8.0,4.42,0.1,1.0,0.4,,TSPLOT 67-C,< 0.5,<  0.05,17
TSPLOT 66-C,,,2.0,24.0,119.0,27.0,0.3,1.28,31.0,4.45,0.1,1.0,0.7,,TSPLOT 68-A,2.9,0.22,11
TSPLOT 67-A,,,7.0,59.0,245.0,60.0,1.45,3.32,44.0,3.98,0.4,6.0,1.7,,TSPLOT 68-B,1,0.12,6
TSPLOT 67-B,,,3.0,43.0,34.0,11.0,1.85,2.22,83.0,4.06,0.2,1.0,0.8,,TSPLOT 68-C,1.9,0.13,18
TSPLOT 67-C,,,1.0,131.0,98.0,55.0,2.64,3.92,67.0,3.91,0.1,1.0,1.4,,TSPLOT 69-A,1.8,0.15,20
TSPLOT 68-A,,,17.0,84.0,229.0,51.0,1.89,3.67,52.0,3.94,0.6,10.0,1.7,,TSPLOT 69-B,< 0.5,<  0.05,26
TSPLOT 68-B,,,8.0,71.0,56.0,29.0,1.45,2.15,67.0,4.22,0.4,3.0,0.6,,TSPLOT 69-C,< 0.5,<  0.05,21
TSPLOT 68-C,,,6.0,115.0,263.0,73.0,1.13,3.34,34.0,4.12,0.5,6.0,2.5,,TSPLOT 70-A,1,0.09,13
TSPLOT 69-A,,,3.0,183.0,835.0,216.0,0.47,6.88,7.0,4.22,0.7,9.0,2.2,,TSPLOT 70-B,< 0.5,<  0.05,16
TSPLOT 69-B,,,1.0,166.0,637.0,252.0,0.99,6.67,15.0,4.02,0.4,1.0,1.4,,TSPLOT 70-C,< 0.5,<  0.05,12
TSPLOT 69-C,,,2.0,175.0,941.0,385.0,0.7,9.01,8.0,4.01,0.3,9.0,0.6,,TSPLOT 71-A,2.5,0.15,39
TSPLOT 70-A,,,3.0,234.0,317.0,76.0,0.69,3.5,20.0,4.12,2.8,10.0,0.7,,TSPLOT 71-B,1.5,0.08,40
TSPLOT 70-B,,,2.0,123.0,184.0,57.0,1.12,2.82,40.0,4.11,0.4,2.0,0.6,,TSPLOT 72-A,1.9,0.11,31
TSPLOT 70-C,,,2.0,35.0,52.0,14.0,1.0,1.46,68.0,4.23,0.3,2.0,0.3,,TSPLOT 72-B,0.7,<  0.05,48
TSPLOT 71-A,,,3.0,101.0,384.0,108.0,1.67,4.73,35.0,4.01,1.6,21.0,5.0,,TSPLOT 73-A,3.6,0.22,27
TSPLOT 71-B,,,2.0,42.0,210.0,66.0,1.38,3.08,45.0,4.12,1.5,7.0,3.7,,TSPLOT 74-A,2,0.07,38
TSPLOT 72-A,,,2.0,23.0,441.0,167.0,1.08,4.71,23.0,4.15,1.3,18.0,4.8,,TSPLOT 74-B,1.1,<  0.05,40
TSPLOT 72-B,,,2.0,126.0,262.0,232.0,3.06,6.6,46.0,4.04,1.1,28.0,7.5,,TSPLOT 75-A,4.3,0.18,31
TSPLOT 73-A,,,5.0,341.0,1074.0,276.0,0.76,9.26,8.0,4.17,0.7,14.0,3.1,,TSPLOT 75-B,2.8,<  0.05,39
TSPLOT 74-A,,,2.0,242.0,1230.0,573.0,0.99,12.46,8.0,4.09,0.8,28.0,3.3,,TSPLOT 76-A,2.6,0.11,34
TSPLOT 74-B,,,2.0,123.0,173.0,92.0,1.65,3.59,46.0,4.12,0.0,11.0,1.3,,TSPLOT 76-B,< 0.5,<  0.05,45
TSPLOT 75-A,,,3.0,319.0,983.0,365.0,1.45,10.18,14.0,4.01,0.5,28.0,2.0,,TSPLOT 77-A,4.9,0.39,22
TSPLOT 75-B,,,2.0,115.0,2617.0,760.0,2.27,21.88,10.0,3.73,0.2,30.0,0.6,,TSPLOT 78-A,2.2,0.17,9
TSPLOT 76-A,,,4.0,231.0,404.0,188.0,2.14,6.29,34.0,3.93,0.4,26.0,3.8,,TSPLOT 79-A,2.8,0.13,17
TSPLOT 76-B,,,1.0,80.0,891.0,553.0,2.47,11.67,21.0,3.95,0.1,7.0,1.8,,TSPLOT 79-B,< 0.5,< 0.05,21
TSPLOT 77-A,,,3.0,72.0,3201.0,442.0,0.11,19.91,1.0,4.78,1.1,4.0,1.3,,TSPLOT 80-A,1.9,0.1,15
TSPLOT 78-A,,,4.0,139.0,391.0,99.0,0.49,3.61,14.0,4.14,0.8,23.0,0.8,,TSPLOT 80-A,1,0.12,6
TSPLOT 79-A,,,8.0,100.0,185.0,50.0,2.73,4.32,63.0,4.02,0.4,3.0,1.3,,TSPLOT 80-B,1.1,0.05,18
TSPLOT 79-B,,,2.0,84.0,169.0,57.0,4.12,5.65,73.0,4.06,0.2,1.0,1.5,,TSPLOT 80-C,< 0.5,<  0.05,21
TSPLOT 80-A,,,8.0,71.0,56.0,29.0,1.45,2.15,67.0,4.22,0.4,3.0,0.6,,TSPLOT 81-A,2.8,0.18,27
TSPLOT 80-B,,,4.0,119.0,97.0,36.0,2.22,3.3,67.0,4.02,0.5,2.0,0.9,,TSPLOT 81-B,2.3,0.12,27
TSPLOT 80-C,,,2.0,44.0,28.0,29.0,2.85,3.34,85.0,4.01,0.3,1.0,0.4,,TSPLOT 81-C,< 0.5,<  0.05,34
TSPLOT 81-A,,,5.0,127.0,194.0,54.0,2.14,3.88,55.0,3.99,0.1,11.0,3.4,,TSPLOT 82-A,1.8,0.15,12
TSPLOT 81-B,,,4.0,78.0,149.0,42.0,2.23,3.52,63.0,4.02,0.1,3.0,3.4,,TSPLOT 82-B,< 0.5,<  0.05,17
TSPLOT 81-C,,,3.0,53.0,68.0,46.0,1.63,2.48,66.0,4.12,0.1,3.0,1.8,,TSPLOT 83-A,1.2,0.12,12
TSPLOT 82-A,,,3.0,65.0,58.0,24.0,1.35,2.0,67.0,4.11,0.3,6.0,1.0,,TSPLOT 83-B,< 0.5,<  0.05,18
TSPLOT 82-B,,,1.0,20.0,5.0,7.0,0.72,0.85,84.0,4.31,0.0,1.0,0.7,,TSPLOT 84-A,2.8,0.2,34
TSPLOT 83-A,,,3.0,87.0,162.0,37.0,1.04,2.38,44.0,4.15,0.4,8.0,0.4,,TSPLOT 84-B,1.3,<  0.05,41
TSPLOT 83-B,,,1.0,36.0,71.0,27.0,0.94,1.61,58.0,4.28,0.1,1.0,0.1,,TSPLOT 85-A,1.3,<  0.05,45
TSPLOT 84-A,,,3.0,204.0,308.0,172.0,2.1,5.57,38.0,4.01,0.6,18.0,3.6,,TSPLOT 85-B,3.9,0.16,43
TSPLOT 84-B,,,1.0,82.0,140.0,95.0,2.5,4.19,60.0,3.96,0.2,16.0,2.8,,TSPLOT 86-A,0.9,0.08,9
TSPLOT 85-A,,,2.0,77.0,1162.0,1055.0,1.73,16.41,11.0,4.05,0.4,20.0,3.6,,TSPLOT 87-A,2.6,2.1,11
TSPLOT 85-B,,,2.0,28.0,4330.0,2803.0,1.28,46.03,3.0,3.95,0.4,5.0,1.3,,TSPLOT 87-B,< 0.5,<  0.05,10
TSPLOT 86-A,,,5.0,116.0,243.0,54.0,1.34,3.29,41.0,4.0,0.4,13.0,0.4,,TSPLOT 88-A,2.4,0.15,20
TSPLOT 87-A,,,2.0,133.0,135.0,35.0,1.11,2.41,46.0,4.1,1.0,4.0,0.6,,TSPLOT 88-B,< 0.5,<  0.05,25
TSPLOT 87-B,,,7.0,16.0,19.0,10.0,0.63,0.85,74.0,4.38,0.0,1.0,0.1,,TSPLOT 88-C,< 0.5,<  0.05,23
TSPLOT 88-A,,,5.0,200.0,259.0,79.0,1.63,4.08,40.0,3.98,0.2,7.0,1.0,,TSPLOT 88-D,< 0.5,<  0.05,31
TSPLOT 88-B,,,1.0,105.0,72.0,37.0,2.01,2.94,68.0,4.11,0.0,1.0,0.5,,TSPLOT 89-A,0.9,0.06,19
TSPLOT 88-C,,,1.0,157.0,24.0,31.0,3.49,4.27,82.0,3.84,0.0,17.0,1.5,,TSPLOT 90-A,1.5,0.09,17
TSPLOT 88-D,,,1.0,115.0,166.0,141.0,5.63,7.91,71.0,3.75,0.3,11.0,1.0,,TSPLOT 91-A,1.5,0.13,19
TSPLOT 89-A,,,3.0,238.0,749.0,264.0,0.38,6.9,6.0,4.22,0.1,26.0,0.9,,TSPLOT 91-B,< 0.5,<  0.05,24
TSPLOT 90-A,,,5.0,185.0,378.0,154.0,0.86,4.49,19.0,3.98,0.5,13.0,1.0,,TSPLOT 92-C,< 0.5,<  0.05,26
,,,,,,,,,,,,,,,TSPLOT 93-A,0.6,<  0.05,23
,,,,,,,,,,,,,,,TSPLOT 93-B,< 0.5,<  0.05,24
,,,,,,,,,,,,,,,TSPLOT 94-A,< 0.5,<  0.05,19
,,,,,,,,,,,,,,,TSPLOT 94-B,< 0.5,<  0.05,20
,,,,,,,,,,,,,,,TSPLOT 93-C,< 0.5,<  0.05,26
,,,,,,,,,,,,,,,TSPLOT 95-A,1.3,0.12,22
,,,,,,,,,,,,,,,TSPLOT 96-A,1.4,0.12,22
,,,,,,,,,,,,,,,TSPLOT 96-B,< 0.5,<  0.05,25
,,,,,,,,,,,,,,,TSPLOT 96-C,< 0.5,<  0.05,24
,,,,,,,,,,,,,,,TSPLOT 97-A,2,0.15,23
,,,,,,,,,,,,,,,TSPLOT 97-B,< 0.5,<  0.05,15
,,,,,,,,,,,,,,,TSPLOT 97-C,< 0.5,0.09,28
,,,,,,,,,,,,,,,TSPLOT 98-A,1.4,0.13,19
,,,,,,,,,,,,,,,TSPLOT 98-B,< 0.5,0.06,27
,,,,,,,,,,,,,,,TSPLOT 99-A,1.2,0.1,22
,,,,,,,,,,,,,,,TSPLOT 100-A,1.2,0.1,15
,,,,,,,,,,,,,,,TSPLOT 101-A,< 0.5,0.05,27
,,,,,,,,,,,,,,,TSPLOT 101-B,< 0.5,0.06,30
,,,,,,,,,,,,,,,TSPLOT 102-A,2.6,0.18,35
,,,,,,,,,,,,,,,TSPLOT 102-B,< 0.5,<  0.05,31
,,,,,,,,,,,,,,,TSPLOT 102-C,< 0.5,<  0.05,35
,,,,,,,,,,,,,,,TSPLOT 103-A,2,0.15,22
,,,,,,,,,,,,,,,TSPLOT 103-B,< 0.5,<  0.05,29
,,,,,,,,,,,,,,,TSPLOT 103-C,< 0.5,<  0.05,22
,,,,,,,,,,,,,,,TSPLOT 104-A,1.6,0.13,22
,,,,,,,,,,,,,,,TSPLOT 104-B,< 0.5,<  0.05,26
,,,,,,,,,,,,,,,TSPLOT 104-C,< 0.5,0.06,29
,,,,,,,,,,,,,,,TSPLOT 105-A,2.1,0.16,22
,,,,,,,,,,,,,,,TSPLOT 105-B,0.8,<  0.05,31
,,,,,,,,,,,,,,,TSPLOT 106-A,2.1,0.18,26
,,,,,,,,,,,,,,,TSPLOT 106-B,1.4,0.13,28
,,,,,,,,,,,,,,,TSPLOT 107-A,1.4,0.11,18
,,,,,,,,,,,,,,,TSPLOT 107-B,< 0.5,<  0.05,25
,,,,,,,,,,,,,,,TSPLOT 108-A,0.9,0.1,20
,,,,,,,,,,,,,,,TSPLOT 109-A,< 0.5,0.06,14
,,,,,,,,,,,,,,,TSPLOT 109-B,< 0.5,<  0.05,20
,,,,,,,,,,,,,,,TSPLOT 109-C,< 0.5,<  0.05,21
,,,,,,,,,,,,,,,TSPLOT 110-A,1,0.1,18
,,,,,,,,,,,,,,,TSPLOT 110-B,< 0.5,<  0.05,27
,,,,,,,,,,,,,,,TSPLOT 110-C,< 0.5,<  0.05,38
,,,,,,,,,,,,,,,TSPLOT 111-A,0.9,0.08,20
,,,,,,,,,,,,,,,TSPLOT 111-B,< 0.5,<  0.05,25
,,,,,,,,,,,,,,,TSPLOT 111-C,< 0.5,<  0.05,25
,,,,,,,,,,,,,,,TSPLOT 112-A,< 0.5,0.05,11
,,,,,,,,,,,,,,,TSPLOT 112-B,< 0.5,0.06,22
,,,,,,,,,,,,,,,TSPLOT 112-C,0.7,0.08,41
,,,,,,,,,,,,,,,TSPLOT 113-A,1.5,1.12,23
,,,,,,,,,,,,,,,TSPLOT 114-A,1,0.07,20
,,,,,,,,,,,,,,,TSPLOT 114-B,< 0.5,<  0.05,23
,,,,,,,,,,,,,,,TSPLOT 115-A,2,0.19,24
,,,,,,,,,,,,,,,TSPLOT 115-B,< 0.5,<  0.05,30
,,,,,,,,,,,,,,,TSPLOT 115-C,< 0.5,<  0.05,29
,,,,,,,,,,,,,,,TSPLOT 116-A,1.5,0.11,23
,,,,,,,,,,,,,,,TSPLOT 116-B,< 0.5,<  0.05,28
,,,,,,,,,,,,,,,TSPLOT 117-A,1.8,0.16,18
,,,,,,,,,,,,,,,TSPLOT 117-B,< 0.5,0.06,21
,,,,,,,,,,,,,,,TSPLOT 117-C,< 0.5,<  0.05,28
,,,,,,,,,,,,,,,TSPLOT 118-A,2.4,0.18,30
,,,,,,,,,,,,,,,TSPLOT 118-B,< 0.5,<  0.05,31
,,,,,,,,,,,,,,,TSPLOT 118-C,< 0.5,<  0.05,34
,,,,,,,,,,,,,,,TSPLOT 119-A,2.7,0.17,25
,,,,,,,,,,,,,,,TSPLOT 119-B,1,0.06,28
,,,,,,,,,,,,,,,TSPLOT 120-A,3.2,0.32,22
TSPLOT 91-A,,,3.0,181.0,518.0,130.0,0.4,4.52,9.0,4.11,0.7,6.0,1.3,,TSPLOT 91-A,1.5,0.13,19
TSPLOT 91-B,,,1.0,129.0,1201.0,518.0,0.12,10.71,1.0,4.86,0.3,11.0,1.4,,TSPLOT 91-B,< 0.5,<  0.05,24
TSPLOT 92-A,,,4.0,299.0,580.0,141.0,0.33,4.97,7.0,4.09,0.3,11.0,1.4,,TSPLOT 92-A,1.5,0.13,19
TSPLOT 92-B,,,1.0,122.0,381.0,142.0,0.81,4.19,19.0,4.04,0.0,1.0,1.6,,TSPLOT 92-B,< 0.5,<  0.05,24
TSPLOT 92-C,,,1.0,139.0,813.0,285.0,0.11,6.87,2.0,4.75,4.1,3.0,1.6,,TSPLOT 92-C,< 0.5,<  0.05,26
TSPLOT 93-A,,,3.0,83.0,314.0,98.0,0.37,2.96,13.0,4.17,1.1,22.0,0.9,,TSPLOT 93-A,0.6,<  0.05,23
TSPLOT 93-B,,,1.0,39.0,291.0,113.0,0.21,2.69,8.0,4.22,0.1,14.0,1.2,,TSPLOT 93-B,< 0.5,<  0.05,24
TSPLOT 94-A,,,2.0,131.0,252.0,84.0,0.15,2.43,6.0,4.23,0.2,10.0,0.6,,TSPLOT 94-A,< 0.5,<  0.05,19
TSPLOT 94-B,,,1.0,82.0,127.0,70.0,0.91,2.33,39.0,4.03,0.1,2.0,0.7,,TSPLOT 94-B,< 0.5,<  0.05,20
TSPLOT 94-C,,,1.0,58.0,166.0,107.0,1.03,2.89,36.0,4.01,0.1,6.0,0.7,,TSPLOT 93-C,< 0.5,<  0.05,26
TSPLOT 95-A,,,4.0,59.0,122.0,37.0,1.1,2.16,51.0,4.0,0.1,6.0,0.6,,TSPLOT 95-A,1.3,0.12,22
TSPLOT 96-A,,,3.0,236.0,317.0,115.0,0.59,3.72,16.0,4.02,0.2,7.0,1.1,,TSPLOT 96-A,1.4,0.12,22
TSPLOT 96-B,,,1.0,102.0,176.0,94.0,1.29,3.2,40.0,3.96,0.1,74.0,1.2,,TSPLOT 96-B,< 0.5,<  0.05,25
TSPLOT 96-C,,,1.0,38.0,168.0,80.0,1.24,2.83,44.0,4.02,0.2,1.0,0.9,,TSPLOT 96-C,< 0.5,<  0.05,24
TSPLOT 97-A,,,6.0,112.0,1075.0,217.0,0.53,7.97,7.0,4.02,1.1,8.0,1.8,,TSPLOT 97-A,2,0.15,23
TSPLOT 97-B,,,1.0,36.0,488.0,79.0,0.47,3.65,13.0,4.19,0.3,1.0,1.0,,TSPLOT 97-B,< 0.5,<  0.05,15
TSPLOT 97-C,,,1.0,89.0,2730.0,374.0,0.15,17.08,1.0,4.98,0.6,4.0,2.0,,TSPLOT 97-C,< 0.5,0.09,28
TSPLOT 98-A,,,3.0,137.0,671.0,151.0,0.27,5.2,5.0,4.29,0.6,4.0,0.7,,TSPLOT 98-A,1.4,0.13,19
TSPLOT 98-B,,,1.0,39.0,485.0,104.0,0.21,3.59,6.0,4.38,0.2,1.0,0.4,,TSPLOT 98-B,< 0.5,0.06,27
TSPLOT 99-A,,,2.0,182.0,360.0,129.0,1.15,4.47,26.0,3.96,0.3,7.0,0.6,,TSPLOT 99-A,1.2,0.1,22
TSPLOT 100-A,,,2.0,206.0,451.0,99.0,0.13,3.72,3.0,4.59,0.3,3.0,0.3,,TSPLOT 100-A,1.2,0.1,15
TSPLOT 101-A,,,1.0,125.0,854.0,130.0,0.14,5.79,2.0,5.41,0.9,10.0,0.5,,TSPLOT 101-A,< 0.5,0.05,27
TSPLOT 101-B,,,1.0,53.0,842.0,123.0,0.06,5.41,1.0,5.41,2.3,5.0,0.6,,TSPLOT 101-B,< 0.5,0.06,30
TSPLOT 102-A,,,10.0,324.0,914.0,254.0,0.12,7.6,2.0,5.15,2.0,13.0,2.5,,TSPLOT 102-A,2.6,0.18,35
TSPLOT 102-B,,,3.0,126.0,501.0,159.0,2.55,6.68,38.0,3.92,0.3,1.0,1.4,,TSPLOT 102-B,< 0.5,<  0.05,31
TSPLOT 102-C,,,1.0,172.0,1519.0,491.0,1.04,13.1,8.0,4.01,0.8,1.0,2.0,,TSPLOT 102-C,< 0.5,<  0.05,35
TSPLOT 103-A,,,3.0,338.0,612.0,177.0,0.16,5.54,3.0,4.33,1.2,10.0,1.5,,TSPLOT 103-A,2,0.15,22
TSPLOT 103-B,,,1.0,272.0,282.0,127.0,1.52,4.67,33.0,3.96,0.5,1.0,1.6,,TSPLOT 103-B,< 0.5,<  0.05,29
TSPLOT 103-C,,,1.0,80.0,295.0,145.0,0.49,3.36,15.0,4.17,0.9,4.0,1.1,,TSPLOT 103-C,< 0.5,<  0.05,22
TSPLOT 104-A,,,4.0,285.0,688.0,135.0,0.33,5.6,6.0,4.32,1.2,11.0,2.9,,TSPLOT 104-A,1.6,0.13,22
TSPLOT 104-B,,,2.0,64.0,303.0,105.0,1.26,3.8,33.0,3.95,1.0,1.0,1.5,,TSPLOT 104-B,< 0.5,<  0.05,26
TSPLOT 104-C,,,1.0,43.0,493.0,162.0,0.61,4.5,13.0,4.12,0.3,4.0,0.9,,TSPLOT 104-C,< 0.5,0.06,29
TSPLOT 105-A,,,2.0,281.0,415.0,155.0,0.26,4.33,6.0,4.35,0.2,7.0,1.0,,TSPLOT 105-A,2.1,0.16,22
TSPLOT 105-B,,,2.0,149.0,214.0,122.0,2.25,4.7,48.0,4.0,0.0,1.0,1.4,,TSPLOT 105-B,0.8,<  0.05,31
TSPLOT 106-A,,,6.0,149.0,1252.0,242.0,0.42,9.04,5.0,4.18,1.1,22.0,2.9,,TSPLOT 106-A,2.1,0.18,26
TSPLOT 106-B,,,3.0,99.0,1763.0,262.0,0.1,11.31,1.0,4.7,0.2,4.0,2.7,,TSPLOT 106-B,1.4,0.13,28
TSPLOT 107-A,,,4.0,66.0,254.0,81.0,0.81,2.9,28.0,4.09,0.1,3.0,2.2,,TSPLOT 107-A,1.4,0.11,18
TSPLOT 107-B,,,1.0,45.0,89.0,38.0,1.49,2.35,63.0,4.08,0.0,1.0,1.4,,TSPLOT 107-B,< 0.5,<  0.05,25
TSPLOT 108-A,,,3.0,228.0,255.0,54.0,0.51,2.81,18.0,4.14,0.4,7.0,1.1,,TSPLOT 108-A,0.9,0.1,20
TSPLOT 109-A,,,2.0,218.0,209.0,56.0,0.39,2.44,16.0,4.07,0.3,8.0,1.5,,TSPLOT 109-A,< 0.5,0.06,14
TSPLOT 109-B,,,1.0,58.0,141.0,50.0,0.93,2.18,42.0,4.09,0.2,1.0,1.6,,TSPLOT 109-B,< 0.5,<  0.05,20
TSPLOT 109-C,,,1.0,84.0,372.0,232.0,0.36,4.34,8.0,4.2,0.3,2.0,1.1,,TSPLOT 109-C,< 0.5,<  0.05,21
TSPLOT 110-A,,,3.0,254.0,383.0,109.0,0.45,3.91,12.0,4.18,1.0,13.0,1.6,,TSPLOT 110-A,1,0.1,18
TSPLOT 110-B,,,1.0,130.0,166.0,60.0,1.34,2.99,45.0,4.0,0.1,2.0,1.6,,TSPLOT 110-B,< 0.5,<  0.05,27
TSPLOT 110-C,,,1.0,99.0,131.0,155.0,2.73,4.9,55.0,3.92,0.3,1.0,1.5,,TSPLOT 110-C,< 0.5,<  0.05,38
TSPLOT 121-A,,,5.0,123.0,377.0,126.0,2.1,5.33,39.0,4.08,0.7,24.0,2.9,,Plot 121-A,> 6,0.51,36
TSPLOT 121-B,,,1.0,22.0,157.0,108.0,1.38,3.11,44.0,4.28,0.1,6.0,1.7,,Plot 121-B,4.8,0.26,55
TSPLOT 122-A,,,1.0,11.0,195.0,114.0,1.09,3.03,36.0,4.34,0.1,6.0,1.2,,Plot 122-A,3.4,0.11,> 60
TSPLOT 122-B,,,3.0,174.0,284.0,94.0,1.64,4.28,38.0,4.2,0.3,15.0,2.6,,Plot 122-B,> 6,0.45,42
TSPLOT 123-A,,,4.0,96.0,342.0,111.0,1.72,4.59,38.0,4.19,0.4,16.0,2.4,,Plot 123-A,> 6,0.51,42
TSPLOT 124-A,,,5.0,94.0,350.0,87.0,1.78,4.48,40.0,4.17,0.5,16.0,3.2,,Plot 124-A,> 6,0.47,36
TSPLOT 125-A,,,5.0,99.0,131.0,30.0,1.9,3.05,62.0,4.22,0.4,11.0,3.7,,Plot 125-A,> 6,> 0.6,31
TSPLOT 125-B,,,1.0,18.0,79.0,22.0,0.54,1.16,46.0,4.54,0.1,2.0,2.4,,Plot 125-B,4.8,0.25,40
TSPLOT 125-C,,,1.0,15.0,233.0,156.0,1.04,3.51,29.0,4.36,0.5,17.0,2.3,,Plot 125-C,1.7,0.07,51
TSPLOT 126-A,,,4.0,107.0,308.0,50.0,1.04,3.26,32.0,4.31,0.4,9.0,3.0,,TSPLOT 126-A,1.1,0.09,30
TSPLOT 128-A,,,4.0,104.0,888.0,156.0,0.4,6.38,6.0,4.58,0.3,11.0,2.0,,TSPLOT 128-A,0.6,0.06,18
TSPLOT 129-A,,,6.0,123.0,569.0,159.0,1.28,5.74,22.0,4.27,0.5,16.0,2.5,,TSPLOT 129-A,0.6,0.07,16
TSPLOT 130-A,,,6.0,123.0,569.0,159.0,1.28,5.74,22.0,4.27,0.5,16.0,2.5,,TSPLOT 130-A,0.7,0.09,14
